,Code,EIU15VA,EIU15GE,EIU14VA,EIU14GE,EIU13VA,EIU13GE,EIU12VA,EIU12GE,EIU11VA,EIU11GE,EIU10VA,EIU10GE,EIU09VA,EIU09GE,EIU08VA,EIU08GE,EIU07VA,EIU07GE,EIU06VA,EIU06GE,EIU05VA,EIU05GE,EIU04VA,EIU04GE,EIU03VA,EIU03GE,EIU02VA,EIU02GE,EIU00VA,EIU00GE,EIU98VA,EIU98GE,EIU96VA,EIU96GE
,Year,2015,2015,2014,2014,2013,2013,2012,2012,2011,2011,2010,2010,2009,2009,2008,2008,2007,2007,2006,2006,2005,2005,2004,2004,2003,2003,2002,2002,2000,2000,1998,1998,1996,1996
Aruba,ABW,0.8125,0.625,0.8125,0.625,0.81,0.63,0.81,0.63,0.81,0.63,0.81,0.63,0.81,0.75,#N/A,#N/A,#N/A,#N/A,#N/A,#N/A,#N/A,#N/A,#N/A,#N/A,#N/A,#N/A,#N/A,#N/A,#N/A,#N/A,#N/A,#N/A,#N/A,#N/A
Afghanistan,AFG,0.16975,0,0.16975,0,0.16,0.00,0.16,0.00,0.16,0.00,0.16,0.00,0.18,0.00,0.30,..,0.31,..,0.18,0.00,0.06,0.13,0.06,0.13,#N/A,#N/A,#N/A,#N/A,#N/A,#N/A,#N/A,#N/A,#N/A,#N/A
Angola,AGO,0.2925,0.125,0.2925,0.125,0.29,0.13,0.29,0.25,0.29,0.25,0.29,0.25,0.29,0.25,0.32,0.13,0.25,0.00,0.21,0.00,0.19,0.13,0.13,0.00,0.06,0.00,0.06,0.00,0.06,0.00,0.06,0.00,0.06,0.00
Albania,ALB,0.57675,0.25,0.56475,0.25,0.56,0.25,0.53,0.25,0.54,0.25,0.54,0.25,0.55,0.25,0.55,0.25,0.55,0.25,0.55,0.25,#N/A,#N/A,#N/A,#N/A,#N/A,#N/A,#N/A,#N/A,#N/A,#N/A,#N/A,#N/A,#N/A,#N/A
United Arab Emirates,ARE,0.23125,0.625,0.22575,0.5,0.22,0.50,0.22,0.50,0.22,0.50,0.22,0.50,0.22,0.50,0.26,0.50,0.25,0.50,0.25,0.50,0.25,0.50,0.25,0.50,0.25,0.50,0.25,0.50,0.25,0.50,0.25,0.50,0.25,0.50
Argentina,ARG,0.601,0.375,0.592,0.375,0.59,0.38,0.59,0.38,0.62,0.38,0.62,0.38,0.61,0.38,0.61,0.38,0.61,0.38,0.61,0.38,0.56,0.38,0.56,0.38,0.50,0.38,0.50,0.38,0.38,0.38,0.38,0.50,0.38,0.63
Armenia,ARM,0.3875,0.375,0.36275,0.375,0.33,0.38,0.33,0.25,0.33,0.25,0.33,0.25,0.35,0.25,0.35,0.25,0.33,0.25,0.33,0.25,#N/A,#N/A,#N/A,#N/A,#N/A,#N/A,#N/A,#N/A,#N/A,#N/A,#N/A,#N/A,#N/A,#N/A
Australia,AUS,0.85675,1,0.85675,1,0.86,0.88,0.87,0.75,0.87,0.75,0.87,0.75,0.86,0.75,0.86,0.75,0.86,0.75,0.86,0.75,0.81,0.75,0.75,0.88,0.69,0.75,0.69,0.75,0.69,0.75,0.69,0.63,0.69,0.63
Austria,AUT,0.8645,0.75,0.8645,0.75,0.86,0.75,0.87,0.75,0.86,0.75,0.89,0.88,0.89,0.75,0.89,0.75,0.90,0.75,0.90,0.75,0.81,0.88,0.88,0.88,0.81,1.00,0.81,1.00,0.75,1.00,0.81,1.00,0.81,1.00
Azerbaijan,AZE,0.198,0.25,0.204,0.25,0.22,0.25,0.22,0.00,0.22,0.00,0.22,0.00,0.22,0.00,0.22,0.00,0.23,0.00,0.23,0.00,0.13,0.00,0.13,0.00,0.13,0.00,0.13,0.00,0.19,0.13,0.19,0.13,0.19,0.13
Burundi,BDI,0.2495,0.125,0.2915,0.125,0.30,0.13,0.31,0.00,0.33,0.13,0.33,0.13,0.35,0.13,0.35,0.13,0.35,0.13,0.38,0.13,#N/A,#N/A,#N/A,#N/A,#N/A,#N/A,#N/A,#N/A,#N/A,#N/A,#N/A,#N/A,#N/A,#N/A
Belgium,BEL,0.834,0.625,0.834,0.5,0.84,0.75,0.84,0.75,0.84,0.75,0.84,0.75,0.85,0.75,0.85,0.63,0.85,0.75,0.85,0.75,0.81,0.88,0.81,0.88,0.81,1.00,0.75,1.00,0.75,1.00,0.75,1.00,0.75,1.00
Benin,BEN,0.50475,0.25,0.50125,0.25,0.51,0.25,0.52,0.25,0.52,0.25,0.53,0.25,0.52,0.25,0.49,0.25,0.56,0.25,0.56,0.25,#N/A,#N/A,#N/A,#N/A,#N/A,#N/A,#N/A,#N/A,#N/A,#N/A,#N/A,#N/A,#N/A,#N/A
Burkina Faso,BFA,0.4225,0.25,0.42325,0.25,0.43,0.25,0.39,0.25,0.40,0.38,0.43,0.38,0.43,0.38,0.40,0.38,0.42,0.19,0.44,0.13,#N/A,#N/A,#N/A,#N/A,#N/A,#N/A,#N/A,#N/A,#N/A,#N/A,#N/A,#N/A,#N/A,#N/A
Bangladesh,BGD,0.4115,0.25,0.414,0.25,0.42,0.25,0.42,0.25,0.42,0.25,0.42,0.25,0.40,0.25,0.37,0.25,0.40,0.25,0.40,0.25,0.19,0.13,0.19,0.13,0.25,0.13,0.25,0.13,0.31,0.25,0.31,0.25,0.31,0.25
Bulgaria,BGR,0.63825,0.375,0.61775,0.25,0.62,0.25,0.62,0.25,0.62,0.25,0.62,0.25,0.63,0.25,0.66,0.25,0.67,0.25,0.67,0.25,0.63,0.25,0.63,0.25,0.63,0.25,0.63,0.25,0.56,0.25,0.50,0.25,0.38,0.00
Bahrain,BHR,0.23325,0.5,0.23725,0.5,0.21,0.50,0.19,0.50,0.21,0.50,0.30,0.50,0.29,0.50,0.29,0.50,0.30,0.50,0.30,0.50,0.25,0.50,0.31,0.50,0.25,0.50,0.25,0.50,0.19,0.50,0.19,0.50,0.19,0.50
"Bahamas, The",BHS,0.6875,0.5,0.6875,0.5,0.69,0.50,0.69,0.50,0.69,0.50,0.69,0.50,0.69,0.50,#N/A,#N/A,#N/A,#N/A,#N/A,#N/A,#N/A,#N/A,#N/A,#N/A,#N/A,#N/A,#N/A,#N/A,#N/A,#N/A,#N/A,#N/A,#N/A,#N/A
Bosnia and Herzegovina,BIH,0.429,0,0.4265,0,0.44,0.00,0.44,0.00,0.45,0.00,0.48,0.00,0.54,0.00,0.54,0.00,0.57,0.00,0.60,0.00,0.63,0.00,0.63,0.00,0.63,0.00,0.63,0.00,0.63,0.00,0.63,0.00,0.63,0.00
Belarus,BLR,0.21225,0.125,0.21575,0.125,0.18,0.13,0.18,0.13,0.19,0.13,0.20,0.13,0.20,0.13,0.20,0.13,0.20,0.13,0.20,0.13,#N/A,#N/A,#N/A,#N/A,#N/A,#N/A,#N/A,#N/A,#N/A,#N/A,#N/A,#N/A,#N/A,#N/A
Belize,BLZ,0.625,0.25,0.625,0.25,0.63,0.25,0.63,0.25,0.63,0.25,0.63,0.25,0.63,0.25,0.56,0.25,0.50,0.25,0.50,0.25,#N/A,#N/A,#N/A,#N/A,#N/A,#N/A,#N/A,#N/A,#N/A,#N/A,#N/A,#N/A,#N/A,#N/A
Bolivia,BOL,0.50625,0.125,0.50825,0.125,0.51,0.13,0.51,0.25,0.51,0.25,0.51,0.25,0.53,0.25,0.53,0.25,0.52,0.25,0.52,0.25,0.38,0.13,0.38,0.13,0.38,0.38,0.38,0.38,0.44,0.38,0.44,0.38,0.38,0.50
Brazil,BRA,0.56675,0.375,0.58775,0.375,0.57,0.38,0.61,0.25,0.61,0.25,0.61,0.25,0.59,0.25,0.59,0.25,0.59,0.25,0.59,0.25,0.44,0.25,0.38,0.25,0.38,0.25,0.38,0.25,0.44,0.25,0.38,0.25,0.38,0.25
Barbados,BRB,0.8125,0.625,0.8125,0.625,0.81,0.63,0.81,0.63,0.81,0.63,0.81,0.63,0.81,0.63,#N/A,#N/A,#N/A,#N/A,#N/A,#N/A,#N/A,#N/A,#N/A,#N/A,#N/A,#N/A,#N/A,#N/A,#N/A,#N/A,#N/A,#N/A,#N/A,#N/A
Brunei Darussalam,BRN,0.5,0.5,0.5,0.5,0.50,0.50,0.50,0.50,0.50,0.50,0.50,0.50,0.50,0.50,#N/A,#N/A,#N/A,#N/A,#N/A,#N/A,#N/A,#N/A,#N/A,#N/A,#N/A,#N/A,#N/A,#N/A,#N/A,#N/A,#N/A,#N/A,#N/A,#N/A
Bhutan,BTN,0.52775,0.5,0.4935,0.25,0.49,0.25,0.45,0.50,0.45,0.50,0.45,0.50,0.42,0.50,0.41,..,0.26,..,0.26,..,#N/A,#N/A,#N/A,#N/A,#N/A,#N/A,#N/A,#N/A,#N/A,#N/A,#N/A,#N/A,#N/A,#N/A
Botswana,BWA,0.67475,0.5,0.67475,0.5,0.68,0.50,0.67,0.50,0.66,0.50,0.66,0.50,0.65,0.50,0.65,0.50,0.66,0.50,0.66,0.50,0.69,0.50,0.69,0.50,0.75,0.50,0.63,0.50,0.63,0.50,0.63,0.50,0.63,0.50
Central African Republic,CAF,0.17225,0,0.137,0,0.14,0.00,0.16,0.00,0.15,0.13,0.15,0.13,0.16,0.13,0.19,..,0.16,..,0.16,..,#N/A,#N/A,#N/A,#N/A,#N/A,#N/A,#N/A,#N/A,#N/A,#N/A,#N/A,#N/A,#N/A,#N/A
Canada,CAN,0.8915,0.875,0.86025,0.875,0.86,0.88,0.86,0.75,0.86,0.75,0.86,0.75,0.86,0.75,0.89,0.75,0.89,0.75,0.89,1.00,0.88,1.00,0.94,0.88,0.88,1.00,0.88,1.00,0.88,1.00,0.88,1.00,0.88,1.00
Switzerland,CHE,0.9545,0.875,0.9545,0.875,0.95,0.75,0.95,0.75,0.95,0.75,0.95,0.75,0.96,0.75,0.96,0.75,0.95,0.75,0.95,0.75,0.94,0.88,0.94,1.00,0.75,0.75,0.75,1.00,0.75,1.00,0.75,1.00,0.75,1.00
Chile,CHL,0.767,0.75,0.8275,0.75,0.83,0.75,0.81,0.75,0.81,0.75,0.82,0.75,0.86,0.75,0.86,0.75,0.86,0.75,0.86,0.75,0.94,0.75,0.94,0.75,0.94,0.75,0.94,0.75,0.75,0.75,0.75,0.75,0.75,0.75
China,CHN,0.25075,0.5,0.24375,0.5,0.18,0.38,0.18,0.38,0.19,0.38,0.19,0.38,0.18,0.38,0.18,0.38,0.18,0.38,0.18,0.38,0.13,0.38,0.13,0.38,0.13,0.38,0.13,0.38,0.13,0.38,0.13,0.38,0.13,0.50
Côte d'Ivoire,CIV,0.353,0.25,0.364,0.25,0.35,0.25,0.35,0.25,0.34,0.25,0.34,0.25,0.35,0.25,0.32,0.13,0.29,0.13,0.29,0.13,0.13,0.00,0.13,0.13,0.13,0.00,0.13,0.00,0.13,0.00,0.25,0.38,0.38,0.50
Cameroon,CMR,0.33925,0.125,0.2955,0.125,0.30,0.13,0.33,0.13,0.33,0.13,0.33,0.13,0.33,0.25,0.36,0.25,0.32,0.25,0.29,0.25,0.06,0.25,0.13,0.25,0.13,0.25,0.06,0.25,0.13,0.38,0.13,0.38,0.06,0.00
"Congo, Rep.",COG,0.23925,0.125,0.23825,0.125,0.24,0.13,0.24,0.13,0.24,0.13,0.24,0.13,0.24,0.13,0.24,0.13,0.25,0.00,0.25,0.00,0.19,0.00,#N/A,#N/A,#N/A,#N/A,#N/A,#N/A,#N/A,#N/A,#N/A,#N/A,#N/A,#N/A
Colombia,COL,0.581,0.5,0.515,0.5,0.52,0.50,0.52,0.50,0.52,0.50,0.52,0.50,0.48,0.25,0.48,0.25,0.48,0.25,0.48,0.25,0.31,0.25,0.31,0.25,0.31,0.25,0.31,0.25,0.25,0.38,0.31,0.50,0.31,0.50
Comoros,COM,0.371,..,0.352,..,0.35,..,0.35,..,0.35,#N/A,0.34,#N/A,0.36,..,0.36,..,0.39,..,0.39,..,#N/A,#N/A,#N/A,#N/A,#N/A,#N/A,#N/A,#N/A,#N/A,#N/A,#N/A,#N/A,#N/A,#N/A
Cape Verde,CPV,0.73425,0.375,0.73425,0.5,0.74,0.50,0.74,0.50,0.74,0.50,0.74,0.38,0.77,0.38,0.80,0.38,0.78,0.63,0.78,0.63,#N/A,#N/A,#N/A,#N/A,#N/A,#N/A,#N/A,#N/A,#N/A,#N/A,#N/A,#N/A,#N/A,#N/A
Costa Rica,CRI,0.74175,0.375,0.74525,0.375,0.75,0.38,0.75,0.38,0.75,0.38,0.75,0.38,0.75,0.38,0.75,0.38,0.75,0.38,0.75,0.38,0.69,0.38,0.69,0.38,0.69,0.38,0.69,0.38,0.75,0.38,0.75,0.38,0.75,0.38
Cuba,CUB,0.426,0.375,0.426,0.375,0.43,0.38,0.43,0.38,0.43,0.38,0.43,0.38,0.43,0.38,0.43,0.38,0.41,0.38,0.39,0.38,0.06,0.38,0.13,0.38,0.13,0.50,0.13,0.50,0.13,0.50,0.13,0.38,0.13,0.25
Cayman Islands,CYM,0.625,0.625,0.625,0.625,0.63,0.63,0.63,0.63,0.63,0.63,0.63,0.63,0.63,0.63,#N/A,#N/A,#N/A,#N/A,#N/A,#N/A,#N/A,#N/A,#N/A,#N/A,#N/A,#N/A,#N/A,#N/A,#N/A,#N/A,#N/A,#N/A,#N/A,#N/A
Cyprus,CYP,0.72025,0.75,0.71375,0.75,0.71,0.75,0.71,0.75,0.71,0.75,0.71,0.75,0.73,0.63,0.73,0.63,0.74,0.63,0.76,0.63,0.63,0.50,0.63,0.50,0.69,0.50,0.75,0.63,0.75,0.50,0.75,0.63,0.81,0.75
Czech Republic,CZE,0.7095,0.5,0.7095,0.5,0.72,0.50,0.72,0.50,0.72,0.50,0.72,0.50,0.72,0.50,0.72,0.50,0.72,0.50,0.72,0.50,0.63,0.50,0.63,0.50,0.63,0.50,0.63,0.63,0.38,0.50,0.50,0.50,0.44,0.50
Germany,DEU,0.8695,0.75,0.8695,0.75,0.85,0.75,0.85,0.75,0.85,0.75,0.86,0.75,0.88,0.75,0.88,0.75,0.88,0.69,0.88,0.63,0.88,0.63,0.88,0.63,0.88,0.63,0.88,0.88,0.75,1.00,0.75,1.00,0.75,1.00
Djibouti,DJI,0.2075,0.125,0.212,0.125,0.21,0.13,0.23,0.13,0.23,0.13,0.20,0.13,0.21,0.13,0.24,..,0.24,..,0.24,..,#N/A,#N/A,#N/A,#N/A,#N/A,#N/A,#N/A,#N/A,#N/A,#N/A,#N/A,#N/A,#N/A,#N/A
Denmark,DNK,0.893,0.875,0.86175,0.875,0.94,1.00,0.94,1.00,0.94,1.00,0.94,1.00,0.94,1.00,0.94,1.00,0.94,1.00,0.94,1.00,0.94,1.00,0.94,1.00,0.81,1.00,0.81,1.00,0.75,1.00,0.75,1.00,0.81,1.00
Dominican Republic,DOM,0.55225,0.375,0.55225,0.25,0.56,0.25,0.51,0.25,0.50,0.13,0.50,0.13,0.50,0.13,0.50,0.13,0.49,0.13,0.49,0.13,0.38,0.13,0.38,0.13,0.25,0.13,0.38,0.25,0.25,0.25,0.25,0.13,0.38,0.13
Algeria,DZA,0.35375,0.125,0.379,0.125,0.38,0.13,0.38,0.13,0.36,0.13,0.36,0.13,0.35,0.13,0.35,0.13,0.35,0.13,0.35,0.13,0.38,0.13,0.31,0.00,0.31,0.00,0.38,0.13,0.25,0.00,0.25,0.13,0.31,0.38
Ecuador,ECU,0.481,0.125,0.481,0.125,0.48,0.13,0.48,0.13,0.47,0.13,0.48,0.13,0.47,0.13,0.47,0.00,0.47,0.00,0.47,0.00,0.38,0.00,0.38,0.00,0.44,0.00,0.44,0.00,0.31,0.00,0.31,0.25,0.31,0.00
"Egypt, Arab Rep.",EGY,0.31525,0.25,0.283,0.25,0.32,0.25,0.38,0.25,0.39,0.38,0.31,0.38,0.35,0.38,0.32,0.38,0.32,0.38,0.32,0.38,0.25,0.38,0.31,0.38,0.25,0.25,0.25,0.25,0.31,0.50,0.31,0.50,0.31,0.50
Eritrea,ERI,0.1185,0.125,0.122,0.125,0.12,0.13,0.12,0.13,0.12,0.13,0.12,0.13,0.12,0.13,0.12,0.13,0.18,0.13,0.18,0.13,#N/A,#N/A,#N/A,#N/A,#N/A,#N/A,#N/A,#N/A,#N/A,#N/A,#N/A,#N/A,#N/A,#N/A
Spain,ESP,0.75875,0.75,0.74625,0.75,0.74,0.63,0.74,0.63,0.74,0.63,0.75,0.63,0.77,0.63,0.77,0.63,0.76,0.63,0.76,0.63,0.75,1.00,0.75,0.75,0.81,1.00,0.75,1.00,0.75,1.00,0.75,1.00,0.81,1.00
Estonia,EST,0.7675,0.75,0.762,0.625,0.72,0.50,0.72,0.50,0.72,0.50,0.73,0.50,0.73,0.50,0.73,0.50,0.73,0.50,0.73,0.50,0.69,0.50,0.75,0.50,0.75,0.50,0.75,0.50,0.69,0.50,0.69,0.38,0.63,0.50
Ethiopia,ETH,0.3165,0.125,0.311,0.25,0.32,0.25,0.31,0.38,0.31,0.38,0.31,0.38,0.35,0.38,0.35,0.38,0.36,0.38,0.36,0.38,0.19,0.00,0.13,0.00,0.13,0.00,0.13,0.00,0.13,0.00,0.13,0.00,0.13,0.00
Finland,FIN,0.889,1,0.889,1,0.89,1.00,0.89,1.00,0.89,1.00,0.90,1.00,0.90,1.00,0.90,0.75,0.90,0.75,0.90,0.75,0.94,1.00,0.94,0.88,0.81,1.00,0.81,1.00,0.81,1.00,0.75,1.00,0.81,1.00
Fiji,FJI,0.569,..,0.561,..,0.36,..,0.37,..,0.37,#N/A,0.36,#N/A,0.51,..,0.51,..,0.57,..,0.57,..,#N/A,#N/A,#N/A,#N/A,#N/A,#N/A,#N/A,#N/A,#N/A,#N/A,#N/A,#N/A,#N/A,#N/A
France,FRA,0.80225,0.875,0.80825,0.875,0.80,0.88,0.80,0.75,0.79,0.75,0.79,0.75,0.81,0.75,0.81,0.75,0.81,0.75,0.81,0.75,0.88,0.88,0.81,0.88,0.56,0.88,0.63,0.88,0.63,0.88,0.63,0.88,0.63,0.88
Gabon,GAB,0.3755,0.25,0.3755,0.25,0.38,0.25,0.37,0.25,0.33,0.25,0.32,0.25,0.31,0.25,0.34,0.25,0.28,0.25,0.26,0.25,0.31,0.13,0.31,0.13,0.31,0.13,0.31,0.13,0.31,0.00,0.25,0.00,0.19,0.00
United Kingdom,GBR,0.7905,0.875,0.7905,0.75,0.79,0.75,0.79,0.75,0.75,0.75,0.78,0.75,0.78,0.75,0.81,0.88,0.81,0.88,0.81,0.88,0.81,1.00,0.88,1.00,0.63,1.00,0.63,1.00,0.63,1.00,0.63,1.00,0.63,1.00
Georgia,GEO,0.57525,0.625,0.57225,0.625,0.58,0.63,0.56,0.63,0.52,0.63,0.51,0.63,0.51,0.63,0.51,0.63,0.51,0.56,0.46,0.38,#N/A,#N/A,#N/A,#N/A,#N/A,#N/A,#N/A,#N/A,#N/A,#N/A,#N/A,#N/A,#N/A,#N/A
Ghana,GHA,0.56175,0.375,0.53525,0.375,0.54,0.38,0.52,0.25,0.52,0.25,0.52,0.25,0.49,0.25,0.49,0.25,0.49,0.25,0.49,0.25,0.31,0.25,0.25,0.25,0.31,0.25,0.31,0.25,0.31,0.25,0.19,0.25,0.25,0.25
Guinea,GIN,0.25075,0,0.213,0,0.20,0.00,0.20,0.00,0.20,0.00,0.20,0.00,0.17,0.00,0.14,0.00,0.13,0.00,0.23,0.00,#N/A,#N/A,#N/A,#N/A,#N/A,#N/A,#N/A,#N/A,#N/A,#N/A,#N/A,#N/A,#N/A,#N/A
"Gambia, The",GMB,0.211,0,0.24625,0,0.26,0.00,0.23,0.13,0.23,0.00,0.23,0.00,0.27,0.00,0.37,0.00,0.38,0.13,0.38,0.13,#N/A,#N/A,#N/A,#N/A,#N/A,#N/A,#N/A,#N/A,#N/A,#N/A,#N/A,#N/A,#N/A,#N/A
Guinea-Bissau,GNB,0.193,..,0.193,..,0.13,..,0.14,..,0.20,#N/A,0.20,#N/A,0.20,..,0.20,..,0.20,..,0.20,..,#N/A,#N/A,#N/A,#N/A,#N/A,#N/A,#N/A,#N/A,#N/A,#N/A,#N/A,#N/A,#N/A,#N/A
Equatorial Guinea,GNQ,0.0885,0,0.083,0,0.09,0.00,0.09,0.00,0.09,0.00,0.09,0.00,0.11,0.00,0.11,0.00,0.10,0.00,0.10,0.00,0.00,0.00,0.00,0.00,0.00,0.00,0.00,0.00,0.00,0.00,0.00,0.00,0.00,0.00
Greece,GRC,0.685,0.375,0.685,0.375,0.70,0.38,0.70,0.38,0.76,0.38,0.77,0.38,0.78,0.50,0.78,0.50,0.78,0.50,0.78,0.50,0.75,0.50,0.75,0.50,0.75,0.50,0.75,0.50,0.69,0.63,0.75,0.63,0.69,0.75
Greenland,GRL,0.8125,0.625,0.8125,0.625,0.81,0.63,0.81,0.63,0.81,0.63,0.81,0.63,0.81,0.63,#N/A,#N/A,#N/A,#N/A,#N/A,#N/A,#N/A,#N/A,#N/A,#N/A,#N/A,#N/A,#N/A,#N/A,#N/A,#N/A,#N/A,#N/A,#N/A,#N/A
Guatemala,GTM,0.38975,0.25,0.38425,0,0.38,0.00,0.39,0.00,0.39,0.00,0.40,0.00,0.43,0.00,0.43,0.00,0.43,0.00,0.43,0.00,0.25,0.00,0.25,0.00,0.25,0.25,0.25,0.25,0.25,0.13,0.19,0.25,0.19,0.38
French Guiana,GUF,0.8125,0.75,0.8125,0.75,0.81,0.75,0.81,0.75,0.81,0.75,0.81,0.75,0.81,0.75,#N/A,#N/A,#N/A,#N/A,#N/A,#N/A,#N/A,#N/A,#N/A,#N/A,#N/A,#N/A,#N/A,#N/A,#N/A,#N/A,#N/A,#N/A,#N/A,#N/A
Guyana,GUY,0.49,0.25,0.483,0.25,0.49,0.25,0.49,0.25,0.49,0.25,0.49,0.25,0.49,0.25,0.52,0.25,0.53,0.38,0.53,0.38,#N/A,#N/A,#N/A,#N/A,#N/A,#N/A,#N/A,#N/A,#N/A,#N/A,#N/A,#N/A,#N/A,#N/A
"Hong Kong SAR, China",HKG,0.7,1,0.698,1,0.66,1.00,0.66,1.00,0.64,0.88,0.64,0.88,0.64,0.88,0.64,0.88,0.65,0.88,0.65,0.88,0.69,0.88,0.69,0.88,0.69,0.88,0.63,0.88,0.44,0.63,0.50,0.63,0.44,0.63
Honduras,HND,0.3545,0,0.3545,0,0.35,0.00,0.35,0.00,0.35,0.00,0.35,0.00,0.37,0.00,0.37,0.00,0.38,0.00,0.38,0.00,0.13,0.00,0.13,0.00,0.13,0.00,0.13,0.00,0.13,0.13,0.13,0.13,0.13,0.13
Croatia,HRV,0.62775,0.375,0.62775,0.375,0.63,0.38,0.63,0.38,0.62,0.38,0.62,0.38,0.63,0.38,0.63,0.38,0.63,0.38,0.63,0.38,0.56,0.38,0.56,0.38,0.63,0.38,0.56,0.38,0.50,0.38,0.31,0.38,0.31,0.38
Haiti,HTI,0.29075,0,0.28475,0,0.29,0.00,0.29,0.00,0.29,0.00,0.29,0.00,0.37,0.13,0.37,0.13,0.33,0.13,0.33,0.13,#N/A,#N/A,#N/A,#N/A,#N/A,#N/A,#N/A,#N/A,#N/A,#N/A,#N/A,#N/A,#N/A,#N/A
Hungary,HUN,0.74825,0.5,0.75125,0.5,0.75,0.50,0.75,0.50,0.76,0.50,0.77,0.50,0.78,0.50,0.78,0.50,0.78,0.50,0.78,0.50,0.81,0.50,0.81,0.50,0.81,0.50,0.81,0.50,0.69,0.50,0.63,0.50,0.69,0.50
Indonesia,IDN,0.6015,0.25,0.56625,0.375,0.53,0.25,0.53,0.25,0.51,0.25,0.51,0.25,0.50,0.25,0.50,0.25,0.51,0.25,0.51,0.25,0.31,0.13,0.31,0.13,0.31,0.13,0.19,0.13,0.31,0.25,0.25,0.13,0.38,0.50
India,IND,0.637,0.375,0.646,0.25,0.63,0.25,0.63,0.25,0.62,0.25,0.61,0.25,0.64,0.25,0.64,0.25,0.65,0.25,0.63,0.25,0.50,0.25,0.50,0.25,0.50,0.25,0.50,0.25,0.31,0.25,0.31,0.25,0.31,0.25
Ireland,IRL,0.8175,0.625,0.811,0.625,0.81,0.63,0.80,0.63,0.80,0.63,0.81,0.63,0.83,0.63,0.86,0.75,0.86,0.75,0.86,0.75,0.94,1.00,0.81,0.75,0.69,0.88,0.63,0.88,0.63,0.88,0.63,0.88,0.69,0.88
"Iran, Islamic Rep.",IRN,0.1705,0.25,0.1615,0.125,0.16,0.13,0.16,0.25,0.16,0.25,0.16,0.25,0.20,0.25,0.20,0.25,0.21,0.25,0.21,0.25,0.13,0.25,0.13,0.25,0.13,0.25,0.19,0.25,0.13,0.25,0.19,0.25,0.13,0.13
Iraq,IRQ,0.29775,0,0.30525,0,0.33,0.00,0.33,0.00,0.30,0.00,0.29,0.00,0.29,0.00,0.29,0.00,0.28,0.00,0.26,0.00,0.06,0.00,0.06,0.13,0.19,0.00,0.19,0.00,0.19,0.00,0.19,0.00,0.19,0.00
Iceland,ISL,0.88525,0.75,0.88525,0.75,0.89,0.63,0.89,0.63,0.89,0.63,0.89,0.63,0.89,0.63,0.86,0.63,0.86,0.63,0.86,0.63,#N/A,#N/A,#N/A,#N/A,#N/A,#N/A,#N/A,#N/A,#N/A,#N/A,#N/A,#N/A,#N/A,#N/A
Israel,ISR,0.701,0.75,0.694,0.75,0.69,0.75,0.69,0.75,0.69,0.75,0.66,0.75,0.69,0.75,0.69,0.75,0.68,0.63,0.68,0.63,0.63,0.75,0.63,0.75,0.63,0.75,0.63,0.75,0.50,0.75,0.56,0.75,0.63,0.75
Italy,ITA,0.774,0.5,0.7675,0.375,0.77,0.38,0.76,0.38,0.76,0.38,0.80,0.38,0.84,0.38,0.84,0.38,0.82,0.38,0.82,0.38,0.75,0.38,0.75,0.50,0.63,0.50,0.69,0.63,0.69,0.63,0.63,0.75,0.63,0.75
Jamaica,JAM,0.58825,0.625,0.58825,0.5,0.59,0.50,0.56,0.50,0.54,0.63,0.55,0.63,0.58,0.63,0.58,0.63,0.62,0.63,0.62,0.63,0.44,0.13,0.38,0.38,0.38,0.25,0.38,0.13,0.44,0.13,0.44,0.38,0.44,0.38
Jordan,JOR,0.318,0.375,0.313,0.375,0.31,0.38,0.34,0.25,0.38,0.25,0.37,0.25,0.38,0.25,0.38,0.25,0.38,0.25,0.38,0.25,0.38,0.25,0.31,0.25,0.31,0.38,0.31,0.50,0.38,0.38,0.38,0.50,0.38,0.50
Japan,JPN,0.74175,0.875,0.74775,0.875,0.75,0.88,0.75,0.75,0.75,0.75,0.75,0.75,0.76,0.75,0.69,0.75,0.69,0.69,0.69,0.63,0.56,0.63,0.56,0.63,0.56,0.63,0.56,0.63,0.38,0.63,0.38,0.63,0.38,0.63
Kazakhstan,KAZ,0.24675,0.375,0.221,0.375,0.22,0.13,0.21,0.13,0.22,0.13,0.23,0.13,0.24,0.13,0.24,0.13,0.24,0.13,0.24,0.13,0.13,0.00,0.13,0.00,0.13,0.00,0.13,0.00,0.13,0.00,0.13,0.00,0.13,0.00
Kenya,KEN,0.42275,0.125,0.41275,0.125,0.38,0.00,0.36,0.00,0.36,0.00,0.36,0.00,0.36,0.00,0.36,0.00,0.38,0.00,0.38,0.00,0.25,0.00,0.25,0.00,0.25,0.00,0.25,0.00,0.19,0.13,0.13,0.25,0.13,0.38
Kyrgyz Republic,KGZ,0.42275,0.125,0.41825,0.125,0.39,0.13,0.36,0.13,0.34,0.13,0.34,0.13,0.36,0.13,0.36,0.13,0.36,0.13,0.36,0.13,#N/A,#N/A,#N/A,#N/A,#N/A,#N/A,#N/A,#N/A,#N/A,#N/A,#N/A,#N/A,#N/A,#N/A
Cambodia,KHM,0.276,0.125,0.3015,0.125,0.29,0.00,0.31,0.00,0.31,0.00,0.31,0.00,0.31,0.00,0.31,0.00,0.30,0.00,0.30,0.00,0.13,0.13,0.13,0.13,0.13,0.00,0.13,0.00,0.13,0.00,0.13,0.00,0.13,0.00
"Korea, Rep.",KOR,0.67975,0.625,0.68425,0.625,0.68,0.50,0.69,0.50,0.68,0.50,0.69,0.50,0.68,0.50,0.68,0.50,0.68,0.50,0.68,0.50,0.56,0.50,0.56,0.50,0.56,0.50,0.56,0.50,0.38,0.38,0.38,0.38,0.38,0.75
Kuwait,KWT,0.38,0.25,0.3765,0.25,0.38,0.25,0.38,0.25,0.37,0.25,0.38,0.25,0.36,0.25,0.36,0.25,0.34,0.25,0.34,0.25,0.38,0.25,0.38,0.25,0.38,0.25,0.38,0.25,0.44,0.25,0.44,0.25,0.44,0.50
Lao PDR,LAO,0.173,0.125,0.173,0.125,0.17,0.13,0.18,0.13,0.17,0.13,0.17,0.13,0.17,0.13,0.17,0.13,0.17,0.13,0.17,0.13,#N/A,#N/A,#N/A,#N/A,#N/A,#N/A,#N/A,#N/A,#N/A,#N/A,#N/A,#N/A,#N/A,#N/A
Lebanon,LBN,0.368,0.375,0.381,0.5,0.38,0.50,0.38,0.50,0.39,0.50,0.42,0.50,0.37,0.50,0.47,0.50,0.48,0.50,0.48,0.50,0.44,0.50,0.44,0.38,0.44,0.38,0.44,0.38,0.44,0.50,0.38,0.50,0.44,0.63
Liberia,LBR,0.3725,0,0.34125,0,0.34,0.00,0.37,0.00,0.38,0.00,0.38,0.00,0.39,0.00,0.53,..,0.52,..,0.52,..,#N/A,#N/A,#N/A,#N/A,#N/A,#N/A,#N/A,#N/A,#N/A,#N/A,#N/A,#N/A,#N/A,#N/A
Libya,LBY,0.175,0.125,0.34625,0.125,0.40,0.13,0.41,0.13,0.27,0.13,0.10,0.13,0.10,0.13,0.10,0.13,0.09,0.13,0.09,0.13,0.00,0.13,0.00,0.13,0.00,0.13,0.00,0.13,0.00,0.00,0.00,0.13,0.00,0.13
Liechtenstein,LIE,0.875,0.75,0.875,0.75,0.88,0.75,0.88,0.75,0.94,0.75,0.94,0.75,0.94,0.75,#N/A,#N/A,#N/A,#N/A,#N/A,#N/A,#N/A,#N/A,#N/A,#N/A,#N/A,#N/A,#N/A,#N/A,#N/A,#N/A,#N/A,#N/A,#N/A,#N/A
Sri Lanka,LKA,0.571,0.375,0.44075,0.375,0.44,0.38,0.44,0.38,0.49,0.38,0.49,0.38,0.49,0.38,0.52,0.38,0.55,0.38,0.55,0.38,0.44,0.38,0.44,0.25,0.44,0.25,0.44,0.25,0.38,0.00,0.38,0.00,0.31,0.25
Lesotho,LSO,0.5795,0.25,0.583,0.375,0.58,0.38,0.58,0.38,0.57,0.38,0.55,0.38,0.60,0.38,0.60,0.38,0.64,0.38,0.64,0.38,#N/A,#N/A,#N/A,#N/A,#N/A,#N/A,#N/A,#N/A,#N/A,#N/A,#N/A,#N/A,#N/A,#N/A
Lithuania,LTU,0.72075,0.75,0.72075,0.625,0.72,0.50,0.71,0.50,0.71,0.50,0.71,0.50,0.71,0.50,0.71,0.50,0.72,0.50,0.72,0.50,0.63,0.50,0.63,0.50,0.56,0.50,0.50,0.38,0.50,0.13,0.50,0.38,0.56,0.25
Luxembourg,LUX,0.91275,0.625,0.91275,0.625,0.91,0.63,0.91,0.63,0.91,0.63,0.91,0.63,0.92,0.63,0.92,0.63,0.92,0.63,0.92,0.63,#N/A,#N/A,#N/A,#N/A,#N/A,#N/A,#N/A,#N/A,#N/A,#N/A,#N/A,#N/A,#N/A,#N/A
Latvia,LVA,0.71225,0.75,0.71775,0.5,0.70,0.50,0.70,0.50,0.70,0.50,0.70,0.50,0.71,0.50,0.71,0.50,0.71,0.50,0.71,0.50,0.63,0.50,0.56,0.50,0.56,0.50,0.56,0.50,0.44,0.25,0.50,0.25,0.44,0.13
Kosovo,KSV,0.4375,0.125,0.4375,0.125,0.44,0.13,0.44,0.13,0.44,0.13,0.44,0.13,#N/A,#N/A,#N/A,#N/A,#N/A,#N/A,#N/A,#N/A,#N/A,#N/A,#N/A,#N/A,#N/A,#N/A,#N/A,#N/A,#N/A,#N/A,#N/A,#N/A,#N/A,#N/A
"Macao SAR, China",MAC,0.5,0.625,0.4375,0.625,0.44,0.63,0.44,0.63,0.69,0.75,0.69,0.75,0.69,0.75,#N/A,#N/A,#N/A,#N/A,#N/A,#N/A,#N/A,#N/A,#N/A,#N/A,#N/A,#N/A,#N/A,#N/A,#N/A,#N/A,#N/A,#N/A,#N/A,#N/A
Morocco,MAR,0.38925,0.375,0.35625,0.375,0.36,0.38,0.39,0.25,0.38,0.25,0.35,0.25,0.35,0.25,0.35,0.25,0.35,0.25,0.35,0.25,0.31,0.25,0.38,0.25,0.31,0.38,0.38,0.38,0.44,0.50,0.50,0.50,0.50,0.50
Moldova,MDA,0.53625,0.125,0.53475,0.125,0.53,0.13,0.53,0.00,0.54,0.00,0.50,0.00,0.51,0.00,0.54,0.00,0.54,0.00,0.54,0.00,0.19,0.00,0.19,0.00,0.19,0.00,0.19,0.00,0.31,0.00,0.38,0.13,0.38,0.13
Madagascar,MDG,0.46125,0.125,0.4085,0.125,0.40,0.13,0.38,0.25,0.42,0.25,0.42,0.25,0.50,0.25,0.53,0.25,0.51,0.25,0.51,0.25,#N/A,#N/A,#N/A,#N/A,#N/A,#N/A,#N/A,#N/A,#N/A,#N/A,#N/A,#N/A,#N/A,#N/A
Mexico,MEX,0.515,0.5,0.55275,0.5,0.56,0.50,0.56,0.50,0.57,0.50,0.57,0.50,0.56,0.50,0.56,0.50,0.55,0.38,0.55,0.38,0.44,0.38,0.44,0.38,0.44,0.38,0.44,0.38,0.38,0.38,0.31,0.50,0.25,0.38
"Macedonia, FYR",MKD,0.551,0.375,0.5625,0.25,0.56,0.25,0.56,0.25,0.56,0.25,0.56,0.25,0.56,0.25,0.56,0.25,0.57,0.25,0.57,0.25,0.25,0.25,0.19,0.25,0.13,0.25,0.13,0.25,0.13,0.00,0.19,0.13,0.19,0.25
Mali,MLI,0.4725,0.125,0.477,0.125,0.45,0.13,0.44,0.13,0.51,0.13,0.49,0.13,0.48,0.13,0.59,..,0.60,..,0.60,..,#N/A,#N/A,#N/A,#N/A,#N/A,#N/A,#N/A,#N/A,#N/A,#N/A,#N/A,#N/A,#N/A,#N/A
Malta,MLT,0.7945,0.625,0.7945,0.75,0.79,0.75,0.79,0.75,0.79,0.75,0.79,0.75,0.79,0.75,0.79,0.75,0.79,0.75,0.79,0.75,#N/A,#N/A,#N/A,#N/A,#N/A,#N/A,#N/A,#N/A,#N/A,#N/A,#N/A,#N/A,#N/A,#N/A
Myanmar,MMR,0.2695,0,0.215,0,0.20,0.00,0.12,0.00,0.09,0.00,0.09,0.00,0.09,0.00,0.09,0.00,0.09,0.00,0.09,0.00,0.00,0.00,0.00,0.00,0.00,0.00,0.00,0.00,0.00,0.00,0.00,0.00,0.00,0.00
Mongolia,MNG,0.48725,0.375,0.48725,0.375,0.48,0.38,0.47,0.25,0.47,0.25,0.47,0.25,0.52,0.25,0.66,..,0.66,..,0.66,..,#N/A,#N/A,#N/A,#N/A,#N/A,#N/A,#N/A,#N/A,#N/A,#N/A,#N/A,#N/A,#N/A,#N/A
Montenegro,MNE,0.5505,0.375,0.547,0.375,0.55,0.38,0.55,0.38,0.56,0.38,0.56,0.38,0.64,..,0.64,..,0.66,..,0.66,..,#N/A,#N/A,#N/A,#N/A,#N/A,#N/A,#N/A,#N/A,#N/A,#N/A,#N/A,#N/A,#N/A,#N/A
Mozambique,MOZ,0.4175,0.25,0.38925,0.25,0.39,0.25,0.43,0.25,0.43,0.25,0.50,0.25,0.52,0.25,0.52,0.25,0.51,0.25,0.55,0.25,0.56,0.25,0.56,0.25,0.56,0.25,0.56,0.38,0.56,0.38,0.56,0.38,0.56,0.38
Mauritania,MRT,0.2605,0.25,0.271,0.25,0.27,0.25,0.27,0.25,0.27,0.25,0.26,0.25,0.26,0.25,0.39,..,0.31,..,0.31,..,#N/A,#N/A,#N/A,#N/A,#N/A,#N/A,#N/A,#N/A,#N/A,#N/A,#N/A,#N/A,#N/A,#N/A
Mauritius,MUS,0.664,0.625,0.75225,0.625,0.75,0.63,0.75,0.63,0.75,0.63,0.75,0.63,0.75,0.63,0.75,0.63,0.75,0.63,0.75,0.63,0.63,0.63,0.63,0.63,0.63,0.63,0.63,0.50,0.63,0.50,0.63,0.50,0.63,0.50
Malawi,MWI,0.465,0.125,0.4705,0.125,0.49,0.13,0.49,0.13,0.48,0.13,0.48,0.13,0.44,0.13,0.44,0.13,0.44,0.13,0.44,0.00,0.13,0.00,0.13,0.00,0.13,0.00,0.13,0.00,0.19,0.13,0.19,0.13,0.19,0.13
Malaysia,MYS,0.54025,0.75,0.54325,0.75,0.54,0.75,0.54,0.63,0.53,0.63,0.53,0.63,0.54,0.63,0.54,0.63,0.52,0.63,0.52,0.63,0.44,0.63,0.44,0.63,0.44,0.63,0.25,0.50,0.31,0.63,0.25,0.63,0.31,0.63
Namibia,NAM,0.59675,0.5,0.59325,0.5,0.59,0.50,0.59,0.50,0.59,0.50,0.59,0.50,0.61,0.50,0.61,0.50,0.61,0.50,0.61,0.50,0.50,0.38,0.44,0.25,0.44,0.38,0.44,0.38,0.50,0.50,0.50,0.50,0.56,0.50
Niger,NER,0.34875,0.25,0.35725,0.25,0.39,0.25,0.40,0.25,0.43,0.25,0.36,0.25,0.30,0.25,0.34,..,0.35,..,0.35,..,#N/A,#N/A,#N/A,#N/A,#N/A,#N/A,#N/A,#N/A,#N/A,#N/A,#N/A,#N/A,#N/A,#N/A
Nigeria,NGA,0.32475,0,0.28175,0,0.28,0.00,0.31,0.00,0.32,0.00,0.30,0.00,0.30,0.00,0.30,0.00,0.27,0.00,0.24,0.00,0.13,0.00,0.13,0.00,0.13,0.00,0.19,0.00,0.25,0.13,0.13,0.13,0.13,0.00
Nicaragua,NIC,0.388,0.125,0.42225,0.125,0.43,0.13,0.43,0.00,0.43,0.00,0.44,0.00,0.46,0.00,0.46,0.00,0.44,0.00,0.44,0.00,0.31,0.00,0.44,0.13,0.44,0.13,0.38,0.13,0.31,0.25,0.38,0.13,0.44,0.00
Netherlands,NLD,0.91475,0.75,0.91475,0.75,0.91,0.75,0.92,0.75,0.92,0.75,0.92,0.75,0.95,0.75,0.95,0.75,0.95,0.75,0.95,0.75,0.94,1.00,0.94,1.00,0.81,1.00,0.81,1.00,0.81,1.00,0.88,1.00,0.88,1.00
Norway,NOR,0.96525,1,0.96525,1,0.97,1.00,0.97,1.00,0.96,1.00,0.96,1.00,0.95,1.00,0.95,1.00,0.95,1.00,0.95,1.00,0.94,1.00,0.88,1.00,0.81,1.00,0.81,1.00,0.81,1.00,0.75,1.00,0.81,1.00
Nepal,NPL,0.33225,0.125,0.33225,0.125,0.39,0.13,0.33,0.13,0.34,0.25,0.34,0.25,0.33,0.25,0.41,..,0.34,..,0.34,..,0.25,0.00,0.19,0.13,#N/A,#N/A,#N/A,#N/A,#N/A,#N/A,#N/A,#N/A,#N/A,#N/A
New Zealand,NZL,0.93175,1,0.9005,1,0.90,0.88,0.90,0.88,0.90,0.88,0.90,0.88,0.90,0.88,0.90,0.88,0.89,0.88,0.89,0.88,0.88,0.88,0.88,1.00,0.88,0.88,0.81,0.88,0.94,0.75,0.94,0.75,0.94,1.00
Oman,OMN,0.3395,0.375,0.31375,0.375,0.32,0.38,0.32,0.38,0.32,0.38,0.30,0.50,0.31,0.50,0.31,0.50,0.29,0.50,0.29,0.50,0.25,0.50,0.25,0.50,0.25,0.50,0.25,0.50,0.31,0.50,0.31,0.63,0.25,0.63
Pakistan,PAK,0.345,0.25,0.357,0.25,0.36,0.25,0.35,0.25,0.35,0.25,0.35,0.25,0.34,0.25,0.37,0.25,0.31,0.25,0.32,0.25,0.25,0.25,0.25,0.25,0.25,0.25,0.25,0.25,0.31,0.25,0.38,0.25,0.31,0.25
Panama,PAN,0.64075,0.5,0.63525,0.375,0.64,0.38,0.64,0.38,0.64,0.38,0.64,0.38,0.65,0.38,0.65,0.38,0.65,0.38,0.65,0.38,0.56,0.38,0.56,0.25,0.50,0.25,0.50,0.25,0.44,0.38,0.44,0.38,0.44,0.38
Peru,PER,0.5165,0.5,0.5145,0.5,0.51,0.50,0.51,0.50,0.52,0.50,0.51,0.50,0.50,0.25,0.50,0.13,0.49,0.06,0.49,0.00,0.38,0.00,0.38,0.13,0.44,0.13,0.44,0.25,0.38,0.25,0.44,0.50,0.44,0.50
Philippines,PHL,0.592,0.5,0.5885,0.5,0.54,0.50,0.53,0.50,0.52,0.50,0.52,0.50,0.52,0.50,0.52,0.50,0.54,0.50,0.54,0.50,0.44,0.50,0.44,0.50,0.44,0.50,0.50,0.50,0.38,0.38,0.38,0.38,0.44,0.50
Papua New Guinea,PNG,0.5515,0.25,0.5515,0.25,0.54,0.25,0.53,0.13,0.53,0.13,0.55,0.13,0.55,0.13,0.55,0.13,0.55,0.13,0.55,0.13,0.31,0.00,0.31,0.13,0.38,0.25,0.38,0.25,0.38,0.25,0.38,0.13,0.44,0.25
Poland,POL,0.7295,0.5,0.7485,0.5,0.73,0.50,0.73,0.50,0.73,0.50,0.73,0.50,0.74,0.50,0.74,0.50,0.74,0.50,0.74,0.50,0.75,0.50,0.75,0.50,0.75,0.50,0.75,0.50,0.63,0.50,0.56,0.63,0.63,0.75
Puerto Rico,PRI,0.625,0.375,0.625,0.375,0.63,0.38,0.63,0.38,0.63,0.38,0.63,0.38,0.63,0.38,#N/A,#N/A,#N/A,#N/A,#N/A,#N/A,#N/A,#N/A,#N/A,#N/A,#N/A,#N/A,#N/A,#N/A,#N/A,#N/A,#N/A,#N/A,#N/A,#N/A
"Korea, Dem. Rep.",PRK,0.054,0.125,0.054,0.125,0.05,0.13,0.05,0.13,0.05,0.13,0.05,0.13,0.04,0.13,0.09,..,0.10,..,0.05,0.00,0.00,0.00,0.00,0.00,#N/A,#N/A,#N/A,#N/A,#N/A,#N/A,#N/A,#N/A,#N/A,#N/A
Portugal,PRT,0.73325,0.875,0.73325,0.625,0.73,0.75,0.69,0.50,0.73,0.50,0.74,0.63,0.75,0.63,0.75,0.63,0.75,0.50,0.75,0.38,0.81,0.50,0.81,0.63,0.75,0.63,0.75,0.75,0.69,0.75,0.75,0.75,0.81,0.75
Paraguay,PRY,0.5665,0.25,0.53175,0.25,0.53,0.25,0.53,0.25,0.54,0.25,0.54,0.25,0.54,0.25,0.54,0.25,0.53,0.25,0.53,0.25,0.38,0.25,0.25,0.00,0.25,0.00,0.25,0.00,0.25,0.00,0.25,0.00,0.31,0.00
Qatar,QAT,0.3465,0.5,0.3465,0.5,0.35,0.50,0.38,0.38,0.38,0.50,0.37,0.50,0.36,0.50,0.33,0.50,0.33,0.38,0.33,0.38,0.38,0.50,0.38,0.50,0.38,0.50,0.38,0.50,0.31,0.50,0.19,0.50,0.19,0.50
Romania,ROM,0.584,0.375,0.584,0.375,0.58,0.38,0.58,0.25,0.58,0.25,0.58,0.25,0.60,0.13,0.60,0.13,0.60,0.13,0.60,0.13,0.50,0.13,0.50,0.13,0.44,0.13,0.44,0.25,0.31,0.13,0.31,0.13,0.38,0.13
Russian Federation,RUS,0.25925,0.25,0.26325,0.25,0.27,0.25,0.28,0.25,0.29,0.25,0.31,0.25,0.32,0.25,0.32,0.25,0.34,0.25,0.34,0.25,0.31,0.13,0.31,0.13,0.31,0.13,0.31,0.13,0.13,0.00,0.13,0.00,0.19,0.13
Rwanda,RWA,0.24725,0.5,0.25625,0.5,0.26,0.50,0.26,0.50,0.26,0.50,0.26,0.38,0.28,0.38,0.31,0.38,0.32,0.38,0.32,0.38,#N/A,#N/A,#N/A,#N/A,#N/A,#N/A,#N/A,#N/A,#N/A,#N/A,#N/A,#N/A,#N/A,#N/A
Saudi Arabia,SAU,0.0965,0.375,0.091,0.375,0.09,0.38,0.09,0.25,0.09,0.25,0.12,0.25,0.13,0.25,0.13,0.25,0.13,0.25,0.13,0.25,0.06,0.25,0.06,0.25,0.06,0.25,0.06,0.25,0.00,0.25,0.00,0.25,0.00,0.25
Sudan,SDN,0.1185,0.125,0.127,0.125,0.13,0.13,0.12,0.25,0.15,0.25,0.15,0.25,0.17,0.25,0.17,0.25,0.18,0.25,0.18,0.25,0.00,0.13,0.00,0.00,0.00,0.00,0.00,0.00,0.00,0.00,0.00,0.00,0.00,0.00
Senegal,SEN,0.52275,0.375,0.52625,0.375,0.53,0.38,0.52,0.38,0.49,0.38,0.48,0.38,0.49,0.50,0.49,0.63,0.49,0.25,0.49,0.25,0.44,0.25,0.38,0.25,0.38,0.25,0.56,0.50,0.44,0.38,0.44,0.38,0.38,0.38
Singapore,SGP,0.65075,1,0.64525,1,0.64,1.00,0.64,1.00,0.64,1.00,0.64,1.00,0.64,1.00,0.64,1.00,0.64,0.94,0.64,0.88,0.69,0.88,0.63,0.88,0.63,0.88,0.69,0.88,0.63,0.88,0.63,0.88,0.56,0.88
Sierra Leone,SLE,0.3525,0,0.353,0,0.36,0.00,0.36,0.00,0.38,0.00,0.38,0.00,0.33,0.00,0.41,..,0.36,..,0.36,..,#N/A,#N/A,#N/A,#N/A,#N/A,#N/A,#N/A,#N/A,#N/A,#N/A,#N/A,#N/A,#N/A,#N/A
El Salvador,SLV,0.48825,0.375,0.48275,0.375,0.48,0.38,0.48,0.38,0.48,0.38,0.48,0.38,0.48,0.25,0.48,0.25,0.47,0.13,0.47,0.00,0.31,0.00,0.31,0.00,0.31,0.13,0.31,0.13,0.19,0.13,0.19,0.13,0.19,0.25
Somalia,SOM,0.0625,0,0,0,0.00,0.00,0.00,0.00,0.00,0.00,0.00,0.00,0.00,0.00,#N/A,#N/A,#N/A,#N/A,#N/A,#N/A,#N/A,#N/A,#N/A,#N/A,#N/A,#N/A,#N/A,#N/A,#N/A,#N/A,#N/A,#N/A,#N/A,#N/A
São Tomé and Principe,STP,0.5,0.25,0.5,0.25,0.50,0.25,0.50,0.25,0.50,0.25,0.50,0.25,0.50,0.25,0.50,0.25,0.47,0.19,0.44,0.13,#N/A,#N/A,#N/A,#N/A,#N/A,#N/A,#N/A,#N/A,#N/A,#N/A,#N/A,#N/A,#N/A,#N/A
Suriname,SUR,0.55725,0.25,0.55725,0.25,0.56,0.25,0.55,0.25,0.55,0.25,0.55,0.25,0.55,0.25,0.66,..,0.65,..,0.65,..,#N/A,#N/A,#N/A,#N/A,#N/A,#N/A,#N/A,#N/A,#N/A,#N/A,#N/A,#N/A,#N/A,#N/A
Slovak Republic,SVK,0.70825,0.625,0.71125,0.625,0.71,0.63,0.71,0.63,0.71,0.63,0.71,0.63,0.68,0.63,0.71,0.63,0.71,0.56,0.71,0.50,0.63,0.50,0.63,0.50,0.63,0.38,0.63,0.38,0.44,0.38,0.50,0.50,0.56,0.50
Slovenia,SVN,0.7535,0.625,0.7535,0.625,0.77,0.63,0.77,0.63,0.76,0.63,0.76,0.63,0.74,0.63,0.74,0.63,0.79,0.50,0.77,0.50,0.75,0.50,0.75,0.50,0.81,0.50,0.81,0.50,0.81,0.50,0.88,0.50,0.88,0.63
Sweden,SWE,0.91,1,0.924,0.875,0.92,0.88,0.92,0.88,0.91,0.88,0.91,0.88,0.93,0.88,0.96,0.88,0.96,0.88,0.96,0.88,0.94,1.00,0.94,1.00,0.81,1.00,0.88,1.00,0.88,1.00,0.88,1.00,0.81,1.00
Swaziland,SWZ,0.31075,0.25,0.31075,0.25,0.32,0.25,0.32,0.25,0.32,0.25,0.30,0.25,0.37,0.25,0.37,0.25,0.37,0.25,0.37,0.25,#N/A,#N/A,#N/A,#N/A,#N/A,#N/A,#N/A,#N/A,#N/A,#N/A,#N/A,#N/A,#N/A,#N/A
Seychelles,SYC,0.5625,0.5,0.5625,0.5,0.56,0.50,0.56,0.50,0.56,0.50,0.56,0.50,0.56,0.50,0.56,0.50,0.59,0.50,0.63,0.50,0.63,0.50,0.63,0.50,#N/A,#N/A,#N/A,#N/A,#N/A,#N/A,#N/A,#N/A,#N/A,#N/A
Syrian Arab Republic,SYR,0.10275,0,0.11825,0,0.12,0.00,0.11,0.25,0.16,0.25,0.21,0.25,0.20,0.25,0.17,0.25,0.15,0.25,0.15,0.25,0.13,0.00,0.06,0.00,0.06,0.00,0.13,0.13,0.06,0.00,0.06,0.00,0.06,0.38
Chad,TCD,0.16875,0,0.16875,0,0.17,0.00,0.21,0.00,0.21,0.00,0.20,0.00,0.23,0.00,0.23,0.00,0.21,0.00,0.21,0.00,#N/A,#N/A,#N/A,#N/A,#N/A,#N/A,#N/A,#N/A,#N/A,#N/A,#N/A,#N/A,#N/A,#N/A
Togo,TGO,0.2955,0,0.2975,0,0.30,0.00,0.30,0.00,0.36,0.00,0.33,0.00,0.22,0.00,0.25,0.00,0.18,0.00,0.21,0.00,#N/A,#N/A,#N/A,#N/A,#N/A,#N/A,#N/A,#N/A,#N/A,#N/A,#N/A,#N/A,#N/A,#N/A
Thailand,THA,0.3795,0.5,0.42575,0.5,0.47,0.50,0.52,0.38,0.52,0.38,0.52,0.38,0.53,0.38,0.53,0.38,0.47,0.38,0.41,0.38,0.38,0.38,0.38,0.38,0.38,0.38,0.50,0.38,0.63,0.38,0.63,0.38,0.69,0.50
Tajikistan,TJK,0.12875,0,0.14975,0,0.16,0.00,0.16,0.00,0.16,0.00,0.16,0.00,0.19,0.00,0.19,0.00,0.19,0.00,0.19,0.00,#N/A,#N/A,#N/A,#N/A,#N/A,#N/A,#N/A,#N/A,#N/A,#N/A,#N/A,#N/A,#N/A,#N/A
Turkmenistan,TKM,0.0915,0,0.0915,0,0.09,0.00,0.09,0.00,0.09,0.00,0.09,0.00,0.09,0.00,0.09,0.00,0.09,0.00,0.09,0.00,0.00,0.00,#N/A,#N/A,#N/A,#N/A,#N/A,#N/A,#N/A,#N/A,#N/A,#N/A,#N/A,#N/A
Timor-Leste,TMP,0.5495,0,0.5495,0,0.55,0.13,0.55,0.13,0.55,0.13,0.52,0.13,0.52,0.13,0.72,..,0.64,..,0.64,..,#N/A,#N/A,#N/A,#N/A,#N/A,#N/A,#N/A,#N/A,#N/A,#N/A,#N/A,#N/A,#N/A,#N/A
Trinidad and Tobago,TTO,0.605,0.25,0.5995,0.25,0.60,0.25,0.60,0.25,0.61,0.25,0.61,0.25,0.61,0.25,0.61,0.25,0.61,0.25,0.61,0.25,0.69,0.38,0.63,0.50,0.63,0.50,0.63,0.38,0.63,0.50,0.69,0.50,0.75,0.50
Tunisia,TUN,0.61725,0.375,0.59675,0.375,0.57,0.25,0.50,0.38,0.46,0.38,0.20,0.38,0.24,0.38,0.27,0.38,0.25,0.44,0.25,0.50,0.38,0.50,0.44,0.50,0.38,0.63,0.44,0.75,0.38,0.63,0.38,0.63,0.38,0.63
Turkey,TUR,0.4435,0.375,0.4435,0.375,0.47,0.38,0.48,0.38,0.47,0.38,0.47,0.38,0.47,0.38,0.47,0.38,0.47,0.38,0.47,0.38,0.44,0.25,0.38,0.25,0.38,0.25,0.38,0.25,0.38,0.38,0.25,0.13,0.44,0.25
"Taiwan, China",TWN,0.7665,0.75,0.7575,0.75,0.75,0.75,0.72,0.63,0.72,0.63,0.72,0.63,0.73,0.63,0.73,0.63,0.73,0.63,0.73,0.63,0.75,0.63,0.75,0.63,0.75,0.63,0.75,0.63,0.56,0.50,0.56,0.75,0.56,0.75
Tanzania,TZA,0.4665,0.25,0.476,0.25,0.48,0.25,0.48,0.25,0.47,0.25,0.47,0.25,0.45,0.25,0.45,0.25,0.45,0.25,0.45,0.25,0.19,0.25,0.19,0.25,0.19,0.25,0.19,0.25,0.19,0.25,0.19,0.38,0.19,0.25
Uganda,UGA,0.4485,0.25,0.4485,0.25,0.45,0.25,0.45,0.25,0.44,0.25,0.44,0.25,0.44,0.25,0.44,0.25,0.44,0.25,0.44,0.25,0.19,0.25,0.13,0.25,0.13,0.25,0.13,0.25,0.13,0.25,0.13,0.25,0.25,0.25
Ukraine,UKR,0.4725,0.25,0.4585,0.125,0.48,0.00,0.48,0.00,0.60,0.00,0.50,0.00,0.53,0.00,0.50,0.00,0.50,0.00,0.50,0.00,0.19,0.00,0.19,0.00,0.19,0.00,0.19,0.00,0.06,0.00,0.13,0.00,0.13,0.13
Uruguay,URY,0.75225,0.5,0.75225,0.5,0.75,0.50,0.75,0.50,0.75,0.50,0.75,0.50,0.75,0.50,0.75,0.50,0.74,0.50,0.74,0.50,0.63,0.50,0.63,0.50,0.63,0.50,0.63,0.50,0.63,0.50,0.63,0.50,0.63,0.38
United States,USA,0.74625,0.75,0.74925,0.75,0.75,0.75,0.75,0.75,0.75,0.75,0.75,0.75,0.75,0.75,0.75,0.75,0.75,0.75,0.75,0.75,0.75,0.75,0.75,0.75,0.75,0.75,0.88,0.88,0.75,1.00,0.69,1.00,0.69,1.00
Uzbekistan,UZB,0.0975,0,0.1225,0,0.09,0.00,0.09,0.00,0.09,0.00,0.09,0.00,0.09,0.00,0.09,0.00,0.09,0.00,0.09,0.00,0.00,0.00,0.00,0.00,0.00,0.00,0.00,0.00,0.00,0.00,0.00,0.00,0.00,0.00
"Venezuela, RB",VEN,0.375,0.125,0.3785,0.125,0.38,0.13,0.38,0.13,0.38,0.00,0.38,0.00,0.39,0.00,0.39,0.00,0.40,0.00,0.46,0.00,0.38,0.00,0.38,0.00,0.38,0.00,0.38,0.13,0.38,0.13,0.38,0.00,0.25,0.00
Vietnam,VNM,0.3015,0.375,0.26425,0.25,0.26,0.25,0.24,0.25,0.24,0.25,0.24,0.25,0.22,0.25,0.22,0.25,0.22,0.25,0.20,0.25,0.13,0.25,0.13,0.25,0.13,0.25,0.31,0.25,0.13,0.25,0.13,0.25,0.13,0.38
West Bank and Gaza,WBG,0.38475,0.375,0.4235,0.375,0.40,0.38,0.40,0.38,0.40,0.38,0.49,0.50,0.48,0.38,0.58,..,0.60,..,0.60,..,#N/A,#N/A,#N/A,#N/A,#N/A,#N/A,#N/A,#N/A,#N/A,#N/A,#N/A,#N/A,#N/A,#N/A
"Jersey, Channel Islands",JEY,0.8125,0.75,0.8125,0.75,0.81,0.75,0.81,0.75,0.81,0.75,#N/A,#N/A,#N/A,#N/A,#N/A,#N/A,#N/A,#N/A,#N/A,#N/A,#N/A,#N/A,#N/A,#N/A,#N/A,#N/A,#N/A,#N/A,#N/A,#N/A,#N/A,#N/A,#N/A,#N/A
"Yemen, Rep.",YEM,0.1745,0,0.202,0,0.20,0.00,0.22,0.00,0.22,0.13,0.23,0.13,0.24,0.13,0.24,0.25,0.27,0.25,0.27,0.25,0.13,0.13,0.13,0.13,0.13,0.13,0.13,0.13,0.13,0.13,0.13,0.13,0.19,0.25
Serbia,SRB,0.61675,0.375,0.61675,0.25,0.61,0.25,0.57,0.25,0.57,0.25,0.57,0.25,0.57,0.25,0.54,0.25,0.55,0.25,0.55,0.25,0.19,0.25,0.19,0.25,0.19,0.00,0.19,0.00,0.25,0.00,0.19,0.13,0.19,0.25
South Africa,ZAF,0.65925,0.625,0.67225,0.625,0.68,0.63,0.67,0.50,0.67,0.50,0.67,0.50,0.68,0.50,0.68,0.50,0.68,0.50,0.68,0.50,0.56,0.50,0.56,0.50,0.56,0.50,0.56,0.50,0.63,0.50,0.69,0.50,0.63,0.50
"Congo, Dem. Rep.",ZAR,0.168,0,0.15,0,0.15,0.00,0.16,0.00,0.17,0.00,0.17,0.00,0.18,0.00,0.23,..,0.28,..,0.28,..,0.13,0.00,0.06,0.00,#N/A,#N/A,#N/A,#N/A,#N/A,#N/A,#N/A,#N/A,#N/A,#N/A
Zambia,ZMB,0.5015,0.25,0.507,0.25,0.53,0.25,0.53,0.25,0.53,0.25,0.50,0.13,0.48,0.13,0.48,0.13,0.48,0.13,0.48,0.13,0.25,0.00,0.19,0.00,0.19,0.00,0.19,0.00,0.19,0.13,0.19,0.13,0.19,0.25
Zimbabwe,ZWE,0.215,0,0.2015,0,0.20,0.00,0.16,0.00,0.17,0.00,0.16,0.00,0.16,0.00,0.16,0.00,0.16,0.13,0.16,0.13,0.00,0.13,0.06,0.13,0.06,0.13,0.06,0.13,0.06,0.13,0.06,0.13,0.13,0.25
,,,,,,,,,,,,,,,,,,,,,,,,,,,,,,,,,,,
,,,,,,,,,,,,,,,,,,,,,,,,,,,,,,,,,,,
,,,,,,,,,,,,,,,,,,,,,,,,,,,,,,,,,,,
, ,,,,,,,,,,,,,,,,,,,,,,,,,,,,,,,,,,