Order,Year,PctPopUrban,GDPPerCapRealLCU,Code,RealGDPNorm
1,1960,51.275,,1001,
2,1961,52.147,,1001,
3,1962,53.019,,1001,
4,1963,53.889,,1001,
5,1964,54.758,,1001,
6,1965,55.622,,1001,
7,1966,56.483,,1001,
8,1967,57.341,,1001,
9,1968,58.195,,1001,
10,1969,59.042,,1001,
11,1970,59.864,,1001,
12,1971,60.657,,1001,
13,1972,61.445,,1001,
14,1973,62.225,,1001,
15,1974,63,,1001,
16,1975,63.611,,1001,
17,1976,64.219,,1001,
18,1977,64.821,,1001,
19,1978,65.419,,1001,
20,1979,65.839,,1001,
21,1980,66.05,,1001,
22,1981,66.259,,1001,
23,1982,66.467,,1001,
24,1983,66.675,,1001,
25,1984,66.883,,1001,
26,1985,67.09,,1001,
27,1986,67.296,,1001,
28,1987,67.501,,1001,
29,1988,67.706,,1001,
30,1989,67.69,,1001,
31,1990,67.421,3.3366375,1001,333663.75
32,1991,67.15,2.9737534379999997,1001,297375.3438
33,1992,66.878,1.762040156,1001,176204.0156
34,1993,66.606,1.6450482810000002,1001,164504.8281
35,1994,66.332,1.775900625,1001,177590.0625
36,1995,66.057,1.937765,1001,193776.5
37,1996,65.781,2.0835817189999997,1001,208358.1719
38,1997,65.504,2.177323438,1001,217732.3438
39,1998,65.226,2.3548007810000002,1001,235480.0781
40,1999,64.947,2.4475564060000004,1001,244755.6406
41,2000,64.666,2.606895,1001,260689.5
42,2001,64.385,2.871017813,1001,287101.7813
43,2002,64.283,3.263235,1001,326323.5
44,2003,64.25,3.7346909379999995,1001,373469.0938
45,2004,64.217,4.13986375,1001,413986.375
46,2005,64.184,4.731185625,1001,473118.5625
47,2006,64.15,5.378363125,1001,537836.3125
48,2007,64.117,6.14659875,1001,614659.875
49,2008,63.997,6.599620625,1001,659962.0625
50,2009,63.789,5.682815625,1001,568281.5625
51,2010,63.58,5.812956875,1001,581295.6875
52,2011,63.371,6.0769625,1001,607696.25
53,2012,63.161,6.491854375,1001,649185.4375
54,2013,62.975,6.675038125,1001,667503.8125
55,2014,62.812,6.883221875,1001,688322.1875
56,2015,62.673,7.062564375,1001,706256.4375
57,1960,81.529,2.403333398,1002,24033.33398
58,1961,81.941,2.414318359,1002,24143.18359
59,1962,82.337,2.387385938,1002,23873.85938
60,1963,82.727,2.48753418,1002,24875.3418
61,1964,83.11,2.609358008,1002,26093.58008
62,1965,83.485,2.711731641,1002,27117.31641
63,1966,83.855,2.7132091799999998,1002,27132.0918
64,1967,84.217,2.847885352,1002,28478.85352
65,1968,84.573,2.940586133,1002,29405.86133
66,1969,84.922,3.082687695,1002,30826.87695
67,1970,85.265,3.239170117,1002,32391.70117
68,1971,85.6,3.2570533200000003,1002,32570.5332
69,1972,85.681,3.322789844,1002,33227.89844
70,1973,85.761,3.3574140630000002,1002,33574.14063
71,1974,85.841,3.4076078130000003,1002,34076.07813
72,1975,85.921,3.4109550779999998,1002,34109.55078
73,1976,86,3.464376953,1002,34643.76953
74,1977,85.94,3.549133203,1002,35491.33203
75,1978,85.881,3.5395667970000004,1002,35395.66797
76,1979,85.821,3.643433984,1002,36434.33984
77,1980,85.76,3.709120703,1002,37091.20703
78,1981,85.7,3.7733234380000003,1002,37733.23438
79,1982,85.64,3.834174609,1002,38341.74609
80,1983,85.58,3.7020625,1002,37020.625
81,1984,85.52,3.829754297,1002,38297.54297
82,1985,85.46,3.976056641,1002,39760.56641
83,1986,85.4,4.071848438,1002,40718.48438
84,1987,85.4,4.113632031,1002,41136.32031
85,1988,85.4,4.280337891,1002,42803.37891
86,1989,85.4,4.371734766,1002,43717.34766
87,1990,85.4,4.459528516,1002,44595.28516
88,1991,85.4,4.386322656,1002,43863.22656
89,1992,85.566,4.3507117189999995,1002,43507.11719
90,1993,85.748,4.4832796880000005,1002,44832.79688
91,1994,85.928,4.615200391,1002,46152.00391
92,1995,86.106,4.736658984,1002,47366.58984
93,1996,86.283,4.8594507810000005,1002,48594.50781
94,1997,86.504,4.995074609,1002,49950.74609
95,1998,86.727,5.162679688,1002,51626.79688
96,1999,86.947,5.359595313,1002,53595.95313
97,2000,87.165,5.500960547,1002,55009.60547
98,2001,87.378,5.531999218999999,1002,55319.99219
99,2002,87.541,5.675651563,1002,56756.51563
100,2003,87.695,5.778194922,1002,57781.94922
101,2004,87.849,5.9485875,1002,59485.875
102,2005,88,6.058843359,1002,60588.43359
103,2006,88.15,6.1481984380000005,1002,61481.98438
104,2007,88.298,6.339501563,1002,63395.01563
105,2008,88.445,6.444044922,1002,64440.44922
106,2009,88.59,6.427458594,1002,64274.58594
107,2010,88.733,6.455969141,1002,64559.69141
108,2011,88.875,6.518385938,1002,65183.85938
109,2012,89.015,6.639792969,1002,66397.92969
110,2013,89.153,6.687322655999999,1002,66873.22656
111,2014,89.289,6.753205469,1002,67532.05469
112,2015,89.423,6.812419531,1002,68124.19531
113,1960,32.401,,1003,
114,1961,33.522,,1003,
115,1962,34.663,,1003,
116,1963,35.822,,1003,
117,1964,37,,1003,
118,1965,38.127,,1003,
119,1966,39.269,,1003,
120,1967,40.422,,1003,
121,1968,41.588,,1003,
122,1969,42.76,,1003,
123,1970,44.01,,1003,
124,1971,45.349,,1003,
125,1972,46.697,,1003,
126,1973,48.046,,1003,
127,1974,49.4,,1003,
128,1975,50.614,,1003,
129,1976,51.829,,1003,
130,1977,53.039,,1003,
131,1978,54.247,,1003,
132,1979,55.402,,1003,
133,1980,56.498,,1003,
134,1981,57.584,,1003,
135,1982,58.664,,1003,
136,1983,59.736,,1003,
137,1984,60.8,,1003,
138,1985,61.833,,1003,
139,1986,62.857,,1003,
140,1987,63.87,,1003,
141,1988,64.872,,1003,
142,1989,65.585,,1003,
143,1990,65.981,1.01097425,1003,1010974.25
144,1991,66.374,0.998352625,1003,998352.625
145,1992,66.766,0.90056725,1003,900567.25
146,1993,67.155,0.830254875,1003,830254.875
147,1994,67.541,0.7339753125,1003,733975.3125
148,1995,67.926,0.65977075,1003,659770.75
149,1996,68.308,0.6805140625,1003,680514.0625
150,1997,68.687,0.76131475,1003,761314.75
151,1998,69.064,0.829199375,1003,829199.375
152,1999,69.482,0.8602970625,1003,860297.0625
153,2000,69.973,0.9129235625,1003,912923.5625
154,2001,70.458,0.9634770625,1003,963477.0625
155,2002,70.939,1.018550438,1003,1018550.438
156,2003,71.415,1.0978565,1003,1097856.5
157,2004,71.887,1.2319835,1003,1231983.5
158,2005,72.354,1.357135125,1003,1357135.125
159,2006,72.816,1.502019625,1003,1502019.625
160,2007,73.273,1.638700875,1003,1638700.875
161,2008,73.726,1.811913375,1003,1811913.375
162,2009,74.172,1.8195475,1003,1819547.5
163,2010,74.615,1.9639065,1003,1963906.5
164,2011,75.046,2.076499625,1003,2076499.625
165,2012,75.467,2.11446075,1003,2114460.75
166,2013,75.877,2.13671,1003,2136710
167,2014,76.277,2.169631,1003,2169631
168,2015,76.667,2.07870625,1003,2078706.25
169,1960,69.061,1.8197005860000002,1004,18197.00586
170,1961,69.668,1.840070117,1004,18400.70117
171,1962,70.494,1.934703906,1004,19347.03906
172,1963,71.307,1.997398633,1004,19973.98633
173,1964,72.107,2.091401367,1004,20914.01367
174,1965,72.892,2.190191211,1004,21901.91211
175,1966,73.642,2.29133125,1004,22913.3125
176,1967,74.155,2.316078906,1004,23160.78906
177,1968,74.662,2.399692383,1004,23996.92383
178,1969,75.161,2.491801563,1004,24918.01563
179,1970,75.654,2.537210156,1004,25372.10156
180,1971,76.09,2.602442773,1004,26024.42773
181,1972,75.971,2.700735742,1004,27007.35742
182,1973,75.851,2.840291992,1004,28402.91992
183,1974,75.731,2.892793945,1004,28927.93945
184,1975,75.611,2.890332617,1004,28903.32617
185,1976,75.503,3.0006595700000003,1004,30006.5957
186,1977,75.543,3.068161328,1004,30681.61328
187,1978,75.583,3.157617188,1004,31576.17188
188,1979,75.623,3.245223438,1004,32452.23438
189,1980,75.663,3.272804883,1004,32728.04883
190,1981,75.712,3.345690234,1004,33456.90234
191,1982,75.874,3.1997519530000003,1004,31997.51953
192,1983,76.035,3.250143164,1004,32501.43164
193,1984,76.195,3.4097742189999996,1004,34097.74219
194,1985,76.354,3.5381574220000003,1004,35381.57422
195,1986,76.502,3.578504688,1004,35785.04688
196,1987,76.522,3.6765515630000003,1004,36765.51563
197,1988,76.542,3.79015,1004,37901.5
198,1989,76.562,3.8096738279999998,1004,38096.73828
199,1990,76.582,3.758988281,1004,37589.88281
200,1991,76.62,3.62936875,1004,36293.6875
201,1992,76.887,3.616748828,1004,36167.48828
202,1993,77.152,3.672373438,1004,36723.73438
203,1994,77.414,3.800680859,1004,38006.80859
204,1995,77.675,3.870266797,1004,38702.66797
205,1996,77.951,3.8904851560000004,1004,38904.85156
206,1997,78.34,4.014333594,1004,40143.33594
207,1998,78.724,4.13421875,1004,41342.1875
208,1999,79.103,4.3118539060000005,1004,43118.53906
209,2000,79.478,4.4954535159999995,1004,44954.53516
210,2001,79.81,4.529105859,1004,45291.05859
211,2002,79.888,4.623764844,1004,46237.64844
212,2003,79.967,4.660437109,1004,46604.37109
213,2004,80.045,4.75635625,1004,47563.5625
214,2005,80.122,4.860469141,1004,48604.69141
215,2006,80.213,4.948390625,1004,49483.90625
216,2007,80.396,5.0017179689999995,1004,50017.17969
217,2008,80.578,4.997378125,1004,49973.78125
218,2009,80.758,4.794768359,1004,47947.68359
219,2010,80.937,4.8878625,1004,48878.625
220,2011,81.115,4.99185625,1004,49918.5625
221,2012,81.293,5.019255859,1004,50192.55859
222,2013,81.472,5.0716234380000005,1004,50716.23438
223,2014,81.65,5.140284375,1004,51402.84375
224,2015,81.828,5.151057813,1004,51510.57813
225,1960,67.836,1.639130375,1005,1639130.375
226,1961,68.66,1.666997375,1005,1666997.375
227,1962,69.435,1.714231875,1005,1714231.875
228,1963,70.2,1.7785865,1005,1778586.5
229,1964,70.955,1.78570375,1005,1785703.75
230,1965,71.696,1.75391325,1005,1753913.25
231,1966,72.427,1.887503875,1005,1887503.875
232,1967,73.146,1.9143645,1005,1914364.5
233,1968,73.854,1.944639125,1005,1944639.125
234,1969,74.547,1.971498875,1005,1971498.875
235,1970,75.227,1.974419625,1005,1974419.625
236,1971,75.883,2.11276375,1005,2112763.75
237,1972,76.528,2.058481375,1005,2058481.375
238,1973,77.159,1.923634,1005,1923634
239,1974,77.778,1.9393655,1005,1939365.5
240,1975,78.386,1.691695875,1005,1691695.875
241,1976,78.982,1.722274625,1005,1722274.625
242,1977,79.565,1.84383125,1005,1843831.25
243,1978,80.136,1.952085125,1005,1952085.125
244,1979,80.695,2.090467625,1005,2090467.625
245,1980,81.243,2.2277795,1005,2227779.5
246,1981,81.778,2.299311,1005,2299311
247,1982,82.226,2.03189025,1005,2031890.25
248,1983,82.359,1.92616125,1005,1926161.25
249,1984,82.492,2.04845225,1005,2048452.25
250,1985,82.624,2.160368,1005,2160368
251,1986,82.755,2.2449995,1005,2244999.5
252,1987,82.885,2.35414525,1005,2354145.25
253,1988,83.014,2.4847375,1005,2484737.5
254,1989,83.143,2.7020905,1005,2702090.5
255,1990,83.271,2.7566475,1005,2756647.5
256,1991,83.398,2.9289115,1005,2928911.5
257,1992,83.564,3.236919,1005,3236919
258,1993,83.896,3.40984325,1005,3409843.25
259,1994,84.223,3.550542,1005,3550542
260,1995,84.545,3.87087625,1005,3870876.25
261,1996,84.861,4.099492,1005,4099492
262,1997,85.172,4.31098,1005,4310980
263,1998,85.477,4.3917205,1005,4391720.5
264,1999,85.778,4.3024835,1005,4302483.5
265,2000,86.073,4.4396345,1005,4439634.5
266,2001,86.363,4.5321075,1005,4532107.5
267,2002,86.648,4.574869,1005,4574869
268,2003,86.922,4.7000355,1005,4700035.5
269,2004,87.187,4.9263865,1005,4926386.5
270,2005,87.443,5.1409995,1005,5140999.5
271,2006,87.689,5.307072,1005,5307072
272,2007,87.926,5.5189315,1005,5518931.5
273,2008,88.155,5.637887,1005,5637887
274,2009,88.375,5.518449,1005,5518449
275,2010,88.586,5.7724805,1005,5772480.5
276,2011,88.79,6.043418,1005,6043418
277,2012,88.986,6.3046275,1005,6304627.5
278,2013,89.175,6.485443,1005,6485443
279,2014,89.356,6.5376465,1005,6537646.5
280,2015,89.53,6.619252,1005,6619252
281,1960,17.679,5.80163875,1006,580163.875
282,1961,18.911,6.1524,1006,615240
283,1962,20.21,5.99740875,1006,599740.875
284,1963,21.575,6.60280875,1006,660280.875
285,1964,23.007,7.459299375,1006,745929.9375
286,1965,24.5,6.936064375,1006,693606.4375
287,1966,25.206,7.42192875,1006,742192.875
288,1967,25.926,7.4399325,1006,743993.25
289,1968,26.659,8.018689375,1006,801868.9375
290,1969,27.404,8.404000625,1006,840400.0625
291,1970,28.163,8.867233125,1006,886723.3125
292,1971,28.934,9.2712475,1006,927124.75
293,1972,29.719,9.2268075,1006,922680.75
294,1973,30.513,9.330379375,1006,933037.9375
295,1974,31.321,9.291978125,1006,929197.8125
296,1975,32.229,9.60440375,1006,960440.375
297,1976,33.594,10.35900438,1006,1035900.438
298,1977,34.983,10.623425,1006,1062342.5
299,1978,36.4,11.2654425,1006,1126544.25
300,1979,36.614,11.03538,1006,1103538
301,1980,36.829,9.40631875,1006,940631.875
302,1981,37.044,9.325395625,1006,932539.5625
303,1982,37.26,8.956675,1006,895667.5
304,1983,37.476,8.25795125,1006,825795.125
305,1984,37.693,7.717556875,1006,771755.6875
306,1985,37.91,7.756153125,1006,775615.3125
307,1986,38.127,7.712748125,1006,771274.8125
308,1987,38.346,7.41054875,1006,741054.875
309,1988,38.608,7.232229375,1006,723222.9375
310,1989,38.976,7.187056875,1006,718705.6875
311,1990,39.345,6.86218875,1006,686218.875
312,1991,39.716,6.6279775,1006,662797.75
313,1992,40.088,6.385779375,1006,638577.9375
314,1993,40.461,6.159716875,1006,615971.6875
315,1994,40.835,6.007609375,1006,600760.9375
316,1995,41.21,6.23439125,1006,623439.125
317,1996,41.587,6.513745,1006,651374.5
318,1997,41.964,6.561355,1006,656135.5
319,1998,42.342,6.695733125,1006,669573.3125
320,1999,42.886,6.63145125,1006,663145.125
321,2000,43.541,6.344835,1006,634483.5
322,2001,44.195,6.221673125,1006,622167.3125
323,2002,44.853,6.00398375,1006,600398.375
324,2003,45.513,5.818710625,1006,581871.0625
325,2004,46.175,5.78749,1006,578749
326,2005,46.836,5.77990625,1006,577990.625
327,2006,47.5,5.75526,1006,575526
328,2007,48.266,5.74016,1006,574016
329,2008,49.034,5.76404875,1006,576404.875
330,2009,49.8,5.823496875,1006,582349.6875
331,2010,50.557,5.809140625,1006,580914.0625
332,2011,51.305,5.42691625,1006,542691.625
333,2012,52.041,5.866034375,1006,586603.4375
334,2013,52.766,6.2339225,1006,623392.25
335,2014,53.479,6.599775,1006,659977.5
336,2015,54.18,7.031751875,1006,703175.1875
337,1960,59.548,,1007,
338,1961,60.063,,1007,
339,1962,60.555,,1007,
340,1963,61.044,,1007,
341,1964,61.532,,1007,
342,1965,62.016,,1007,
343,1966,62.498,,1007,
344,1967,62.978,,1007,
345,1968,63.456,,1007,
346,1969,63.93,,1007,
347,1970,64.402,,1007,
348,1971,65.295,,1007,
349,1972,66.484,,1007,
350,1973,67.649,,1007,
351,1974,68.794,,1007,
352,1975,69.917,,1007,
353,1976,71.018,,1007,
354,1977,72.092,,1007,
355,1978,73.142,,1007,
356,1979,74.167,,1007,
357,1980,75.167,,1007,
358,1981,75.481,,1007,
359,1982,75.452,,1007,
360,1983,75.423,,1007,
361,1984,75.394,,1007,
362,1985,75.365,,1007,
363,1986,75.336,,1007,
364,1987,75.307,,1007,
365,1988,75.278,,1007,
366,1989,75.249,,1007,
367,1990,75.22,2.663864688,1007,266386.4688
368,1991,75.158,2.3601175,1007,236011.75
369,1992,75.03,2.345762969,1007,234576.2969
370,1993,74.901,2.3447764060000003,1007,234477.6406
371,1994,74.772,2.412121719,1007,241212.1719
372,1995,74.643,2.5637610939999997,1007,256376.1094
373,1996,74.513,2.6766753129999996,1007,267667.5313
374,1997,74.382,2.66149375,1007,266149.375
375,1998,74.251,2.6555975,1007,265559.75
376,1999,74.12,2.69654,1007,269654
377,2000,73.988,2.8202303129999997,1007,282023.0313
378,2001,73.877,2.9172303129999997,1007,291723.0313
379,2002,73.809,2.97100125,1007,297100.125
380,2003,73.74,3.078893125,1007,307889.3125
381,2004,73.671,3.2302365629999996,1007,323023.6563
382,2005,73.602,3.4335840629999996,1007,343358.4063
383,2006,73.533,3.659772188,1007,365977.2188
384,2007,73.463,3.839659375,1007,383965.9375
385,2008,73.394,3.9111759379999995,1007,391117.5938
386,2009,73.324,3.70066125,1007,370066.125
387,2010,73.255,3.77458125,1007,377458.125
388,2011,73.185,3.842298125,1007,384229.8125
389,2012,73.115,3.80623625,1007,380623.625
390,2013,73.06,3.786570313,1007,378657.0313
391,2014,73.019,3.8852875,1007,388528.75
392,2015,72.992,4.051550938,1007,405155.0938
393,1960,50.325,,1008,
394,1961,51.448,,1008,
395,1962,52.619,,1008,
396,1963,53.787,,1008,
397,1964,54.952,,1008,
398,1965,56.109,,1008,
399,1966,57.26,,1008,
400,1967,58.404,,1008,
401,1968,59.54,,1008,
402,1969,60.664,,1008,
403,1970,61.777,,1008,
404,1971,62.878,,1008,
405,1972,63.968,,1008,
406,1973,65.04,,1008,
407,1974,66.099,,1008,
408,1975,67.142,,1008,
409,1976,68.17,,1008,
410,1977,69.178,,1008,
411,1978,70.169,,1008,
412,1979,71.141,,1008,
413,1980,72.096,,1008,
414,1981,73.028,,1008,
415,1982,73.942,,1008,
416,1983,74.504,,1008,
417,1984,74.715,,1008,
418,1985,74.925,,1008,
419,1986,75.134,,1008,
420,1987,75.341,,1008,
421,1988,75.548,,1008,
422,1989,75.753,,1008,
423,1990,75.957,1.366319063,1008,136631.9063
424,1991,76.114,1.260064688,1008,126006.4688
425,1992,76.161,1.226921016,1008,122692.1016
426,1993,76.207,1.123907578,1008,112390.7578
427,1994,76.254,1.095104844,1008,109510.4844
428,1995,76.3,1.039001719,1008,103900.1719
429,1996,76.347,0.978296875,1008,97829.6875
430,1997,76.393,0.9533798438,1008,95337.98438
431,1998,76.439,0.9370901562999999,1008,93709.01563
432,1999,76.485,0.9408074219,1008,94080.74219
433,2000,76.532,0.9291513281,1008,92915.13281
434,2001,76.578,0.9332907031,1008,93329.07031
435,2002,76.624,0.9431205469,1008,94312.05469
436,2003,76.67,0.9588971094000001,1008,95889.71094
437,2004,76.716,0.9813382812999999,1008,98133.82813
438,2005,76.761,0.9984450780999999,1008,99844.50781
439,2006,76.807,1.032396563,1008,103239.6563
440,2007,76.853,1.070975078,1008,107097.5078
441,2008,76.899,1.118634375,1008,111863.4375
442,2009,76.944,1.159948125,1008,115994.8125
443,2010,76.996,1.184927344,1008,118492.7344
444,2011,77.053,1.221688672,1008,122168.8672
445,2012,77.117,1.263930547,1008,126393.0547
446,2013,77.186,1.309496016,1008,130949.6016
447,2014,77.262,1.369659375,1008,136965.9375
448,2015,77.343,1.439493281,1008,143949.3281
449,1960,37.864,,1009,
450,1961,38.272,,1009,
451,1962,38.624,,1009,
452,1963,38.977,,1009,
453,1964,39.331,,1009,
454,1965,39.686,5.553772949,1009,5553.772949
455,1966,40.042,5.472781738,1009,5472.781738
456,1967,40.399,5.372036621,1009,5372.036621
457,1968,40.758,5.386183594,1009,5386.183594
458,1969,41.117,5.620291992,1009,5620.291992
459,1970,41.477,5.8035810549999995,1009,5803.581055
460,1971,41.838,5.876245117000001,1009,5876.245117
461,1972,42.2,5.873077637000001,1009,5873.077637
462,1973,42.563,5.79561377,1009,5795.61377
463,1974,42.926,5.818913574,1009,5818.913574
464,1975,43.291,6.206330078,1009,6206.330078
465,1976,43.656,6.960220703,1009,6960.220703
466,1977,43.81,7.678824219,1009,7678.824219
467,1978,43.826,7.936472656,1009,7936.472656
468,1979,43.842,8.21750293,1009,8217.50293
469,1980,43.858,8.821772461,1009,8821.772461
470,1981,43.874,8.927443359000002,1009,8927.443359
471,1982,43.89,9.565688477,1009,9565.688477
472,1983,43.906,10.01097656,1009,10010.97656
473,1984,43.922,10.34361133,1009,10343.61133
474,1985,43.938,10.73343848,1009,10733.43848
475,1986,43.954,10.71912695,1009,10719.12695
476,1987,43.877,10.68890723,1009,10688.90723
477,1988,43.744,10.95240332,1009,10952.40332
478,1989,43.611,11.20072461,1009,11200.72461
479,1990,43.478,11.55358008,1009,11553.58008
480,1991,43.345,11.416570309999999,1009,11416.57031
481,1992,43.212,11.67322559,1009,11673.22559
482,1993,43.079,11.77476465,1009,11774.76465
483,1994,42.946,12.00992871,1009,12009.92871
484,1995,42.814,12.33364941,1009,12333.64941
485,1996,42.681,12.712526369999999,1009,12712.52637
486,1997,42.658,13.17057324,1009,13170.57324
487,1998,42.704,13.45940137,1009,13459.40137
488,1999,42.75,14.02788281,1009,14027.88281
489,2000,42.797,14.51657422,1009,14516.57422
490,2001,42.843,14.75658887,1009,14756.58887
491,2002,42.889,14.82757324,1009,14827.57324
492,2003,42.935,15.01752051,1009,15017.52051
493,2004,42.981,15.3456123,1009,15345.6123
494,2005,43.027,15.74381934,1009,15743.81934
495,2006,43.073,16.527373049999998,1009,16527.37305
496,2007,43.078,17.39527539,1009,17395.27539
497,2008,43.058,18.31586914,1009,18315.86914
498,2009,43.039,18.82453906,1009,18824.53906
499,2010,43.019,19.40631445,1009,19406.31445
500,2011,43,19.346964840000002,1009,19346.96484
501,2012,43.002,19.33904492,1009,19339.04492
502,2013,43.025,19.30629492,1009,19306.29492
503,2014,43.069,19.30348633,1009,19303.48633
504,2015,43.135,19.69035156,1009,19690.35156
505,1960,43.069,,1010,
506,1961,43.559,,1010,
507,1962,44.051,,1010,
508,1963,44.544,,1010,
509,1964,45.039,,1010,
510,1965,45.534,1.298671143,1010,1298.671143
511,1966,46.03,1.380656006,1010,1380.656006
512,1967,46.527,1.452628418,1010,1452.628418
513,1968,47.025,1.5036613769999998,1010,1503.661377
514,1969,47.522,1.560835815,1010,1560.835815
515,1970,48.006,1.798537964,1010,1798.537964
516,1971,48.474,1.823856567,1010,1823.856567
517,1972,48.942,1.788224121,1010,1788.224121
518,1973,49.409,1.887454102,1010,1887.454102
519,1974,49.876,2.035950439,1010,2035.950439
520,1975,50.344,2.1701477049999998,1010,2170.147705
521,1976,50.812,2.285930664,1010,2285.930664
522,1977,51.279,2.426981689,1010,2426.981689
523,1978,51.747,2.592107666,1010,2592.107666
524,1979,52.156,2.762737549,1010,2762.737549
525,1980,52.497,2.86491748,1010,2864.91748
526,1981,52.836,2.9911865229999997,1010,2991.186523
527,1982,53.176,3.025333008,1010,3025.333008
528,1983,53.516,3.127869385,1010,3127.869385
529,1984,53.855,3.269578613,1010,3269.578613
530,1985,54.194,3.401201172,1010,3401.201172
531,1986,54.532,3.095526855,1010,3095.526855
532,1987,54.87,3.1094357909999997,1010,3109.435791
533,1988,55.208,3.249844971,1010,3249.844971
534,1989,55.277,3.008100342,1010,3008.100342
535,1990,55.038,2.5639497070000004,1010,2563.949707
536,1991,54.799,2.008775269,1010,2008.775269
537,1992,54.559,1.098295654,1010,1098.295654
538,1993,54.32,0.7705501099000001,1010,770.5501099
539,1994,54.08,0.697442627,1010,697.442627
540,1995,53.841,0.7348637085,1010,734.8637085
541,1996,53.6,0.8380397948999999,1010,838.0397949
542,1997,53.36,0.9434641113,1010,943.4641113
543,1998,53.12,0.982361084,1010,982.361084
544,1999,52.879,1.018445862,1010,1018.445862
545,2000,52.638,1.0451965330000001,1010,1045.196533
546,2001,52.398,1.103389404,1010,1103.389404
547,2002,52.293,1.171640137,1010,1171.640137
548,2003,52.352,1.318143311,1010,1318.143311
549,2004,52.411,1.413758667,1010,1413.758667
550,2005,52.47,1.5698135990000002,1010,1569.813599
551,2006,52.525,1.739532349,1010,1739.532349
552,2007,52.575,1.980112793,1010,1980.112793
553,2008,52.625,2.052074707,1010,2052.074707
554,2009,52.723,2.000404541,1010,2000.404541
555,2010,52.869,2.153642578,1010,2153.642578
556,2011,53.016,2.339560059,1010,2339.560059
557,2012,53.162,2.5206579590000002,1010,2520.657959
558,2013,53.309,2.639851563,1010,2639.851563
559,2014,53.468,2.7982121579999997,1010,2798.212158
560,2015,53.641,2.91338208,1010,2913.38208
561,1960,44.198,,1011,
562,1961,44.746,,1011,
563,1962,45.296,,1011,
564,1963,45.847,,1011,
565,1964,46.4,,1011,
566,1965,47.047,,1011,
567,1966,47.696,,1011,
568,1967,48.346,,1011,
569,1968,48.997,,1011,
570,1969,49.647,,1011,
571,1970,50.236,,1011,
572,1971,50.753,,1011,
573,1972,51.269,,1011,
574,1973,51.785,,1011,
575,1974,52.3,,1011,
576,1975,52.564,,1011,
577,1976,52.828,,1011,
578,1977,53.092,,1011,
579,1978,53.356,,1011,
580,1979,53.7,,1011,
581,1980,54.142,,1011,
582,1981,54.582,,1011,
583,1982,55.022,,1011,
584,1983,55.461,,1011,
585,1984,55.9,,1011,
586,1985,56.01,,1011,
587,1986,56.121,,1011,
588,1987,56.231,,1011,
589,1988,56.341,,1011,
590,1989,56.357,,1011,
591,1990,56.266,4.083821875,1011,408382.1875
592,1991,56.175,3.611955,1011,361195.5
593,1992,56.083,3.422894375,1011,342289.4375
594,1993,55.992,3.12867125,1011,312867.125
595,1994,55.9,2.7744209379999996,1011,277442.0938
596,1995,55.921,2.591940313,1011,259194.0313
597,1996,55.943,2.644653125,1011,264465.3125
598,1997,55.964,2.732444375,1011,273244.4375
599,1998,55.986,2.727198125,1011,272719.8125
600,1999,55.93,2.827638125,1011,282763.8125
601,2000,55.729,3.114091875,1011,311409.1875
602,2001,55.527,3.540510625,1011,354051.0625
603,2002,55.326,3.8873203129999996,1011,388732.0313
604,2003,55.124,4.234571875,1011,423457.1875
605,2004,54.921,4.608950625,1011,460895.0625
606,2005,54.719,5.011275625,1011,501127.5625
607,2006,54.516,5.4891175,1011,548911.75
608,2007,54.314,5.9096625,1011,590966.25
609,2008,54.111,6.030755625,1011,603075.5625
610,2009,53.908,5.944333125,1011,594433.3125
611,2010,53.732,6.288825625,1011,628882.5625
612,2011,53.581,6.65832375,1011,665832.375
613,2012,53.458,6.880338125,1011,688033.8125
614,2013,53.361,7.18876125,1011,718876.125
615,2014,53.29,7.38066375,1011,738066.375
616,2015,53.247,7.36071,1011,736071
617,1960,10.285,,1012,
618,1961,10.293,,1012,
619,1962,10.333,,1012,
620,1963,10.497,,1012,
621,1964,10.662,,1012,
622,1965,10.83,,1012,
623,1966,11,,1012,
624,1967,12.098,,1012,
625,1968,13.291,,1012,
626,1969,14.579,,1012,
627,1970,15.97,,1012,
628,1971,18.717,,1012,
629,1972,21.818,,1012,
630,1973,25.263,,1012,
631,1974,29.055,,1012,
632,1975,4.477,,1012,
633,1976,4.82,,1012,
634,1977,5.186,,1012,
635,1978,5.578,,1012,
636,1979,5.999,,1012,
637,1980,9.898,,1012,
638,1981,12.742,,1012,
639,1982,13.031,,1012,
640,1983,13.325,,1012,
641,1984,13.626,,1012,
642,1985,13.931,,1012,
643,1986,14.242,,1012,
644,1987,14.559,,1012,
645,1988,14.883,,1012,
646,1989,15.211,,1012,
647,1990,15.546,,1012,
648,1991,15.887,,1012,
649,1992,16.234,,1012,
650,1993,16.587,8.51542625,1012,851542.625
651,1994,16.946,8.977929375,1012,897792.9375
652,1995,17.311,9.253260625,1012,925326.0625
653,1996,17.683,9.4640775,1012,946407.75
654,1997,18.06,9.7168575,1012,971685.75
655,1998,18.355,9.938200625,1012,993820.0625
656,1999,18.47,10.85441,1012,1085441
657,2000,18.586,11.54512875,1012,1154512.875
658,2001,18.703,12.22165625,1012,1222165.625
659,2002,18.82,12.79936,1012,1279936
660,2003,18.937,13.6520575,1012,1365205.75
661,2004,19.055,14.82121625,1012,1482121.625
662,2005,19.174,16.52328125,1012,1652328.125
663,2006,19.293,18.025195,1012,1802519.5
664,2007,19.413,19.57179,1012,1957179
665,2008,19.533,20.57429125,1012,2057429.125
666,2009,19.666,20.2854125,1012,2028541.25
667,2010,19.81,21.1669425,1012,2116694.25
668,2011,19.967,22.3069175,1012,2230691.75
669,2012,20.137,23.5408975,1012,2354089.75
670,2013,20.319,24.8884525,1012,2488845.25
671,2014,20.514,26.2145575,1012,2621455.75
672,2015,20.723,27.6091625,1012,2760916.25
673,1960,16.431,,1013,
674,1961,16.592,6.587822655999999,1013,65878.22656
675,1962,16.753,6.65924375,1013,66592.4375
676,1963,16.916,6.737166405999999,1013,67371.66406
677,1964,17.267,6.794249219,1013,67942.49219
678,1965,17.626,6.803745312999999,1013,68037.45313
679,1966,17.992,6.973767969000001,1013,69737.67969
680,1967,18.364,7.255364844000001,1013,72553.64844
681,1968,18.742,7.491261719000001,1013,74912.61719
682,1969,19.125,7.898109375,1013,78981.09375
683,1970,19.514,8.0302,1013,80302
684,1971,19.91,8.022319530999999,1013,80223.19531
685,1972,19.915,7.8831625,1013,78831.625
686,1973,19.77,8.291232031,1013,82912.32031
687,1974,19.626,8.485004688,1013,84850.04688
688,1975,19.483,8.863365625,1013,88633.65625
689,1976,19.34,9.011404687999999,1013,90114.04688
690,1977,19.199,9.318192969,1013,93181.92969
691,1978,19.058,9.672965625,1013,96729.65625
692,1979,18.918,10.09182344,1013,100918.2344
693,1980,18.779,10.482601559999999,1013,104826.0156
694,1981,18.676,11.00543125,1013,110054.3125
695,1982,18.664,11.27217422,1013,112721.7422
696,1983,18.652,11.62764609,1013,116276.4609
697,1984,18.639,12.02920625,1013,120292.0625
698,1985,18.627,12.43273125,1013,124327.3125
699,1986,18.615,12.77095469,1013,127709.5469
700,1987,18.602,12.78778281,1013,127877.8281
701,1988,18.59,12.903392969999999,1013,129033.9297
702,1989,18.578,13.00569688,1013,130056.9688
703,1990,18.566,13.646023439999999,1013,136460.2344
704,1991,18.553,14.0856875,1013,140856.875
705,1992,18.541,14.52252031,1013,145225.2031
706,1993,18.529,15.3459375,1013,153459.375
707,1994,18.516,16.03882969,1013,160388.2969
708,1995,18.504,16.769314060000003,1013,167693.1406
709,1996,18.492,17.276542189999997,1013,172765.4219
710,1997,18.48,18.26980313,1013,182698.0313
711,1998,18.467,19.02230313,1013,190223.0313
712,1999,18.455,19.72581094,1013,197258.1094
713,2000,18.443,20.77150156,1013,207715.0156
714,2001,18.431,20.29600625,1013,202960.0625
715,2002,18.418,20.94246875,1013,209424.6875
716,2003,18.406,22.019089060000002,1013,220190.8906
717,2004,18.394,23.044151560000003,1013,230441.5156
718,2005,18.382,24.29800313,1013,242980.0313
719,2006,18.37,25.96423125,1013,259642.3125
720,2007,18.357,27.52031563,1013,275203.1563
721,2008,18.345,28.93856875,1013,289385.6875
722,2009,18.333,29.7375875,1013,297375.875
723,2010,18.321,31.880246879999998,1013,318802.4688
724,2011,18.309,34.30054375,1013,343005.4375
725,2012,18.297,37.1549,1013,371549
726,2013,18.3,38.12722188,1013,381272.2188
727,2014,18.32,39.61766875,1013,396176.6875
728,2015,18.356,41.12765313,1013,411276.5313
729,1960,3.512,2.092574951,1014,2092.574951
730,1961,3.96,2.0950778810000004,1014,2095.077881
731,1962,4.464,2.3733935550000003,1014,2373.393555
732,1963,5.029,2.5773098140000004,1014,2577.309814
733,1964,5.661,2.737758789,1014,2737.758789
734,1965,6.366,2.7434565429999997,1014,2743.456543
735,1966,7.065,2.679262695,1014,2679.262695
736,1967,7.425,2.912754395,1014,2912.754395
737,1968,7.802,2.843786621,1014,2843.786621
738,1969,8.196,2.829431641,1014,2829.431641
739,1970,8.608,2.832405518,1014,2832.405518
740,1971,9.039,2.9170983890000004,1014,2917.098389
741,1972,9.474,2.852280762,1014,2852.280762
742,1973,9.905,3.530715332,1014,3530.715332
743,1974,10.355,3.833036865,1014,3833.036865
744,1975,10.822,3.238302734,1014,3238.302734
745,1976,11.213,3.5079272460000004,1014,3507.927246
746,1977,11.272,4.163885254,1014,4163.885254
747,1978,11.331,4.7982783200000005,1014,4798.27832
748,1979,11.39,4.809052246,1014,4809.052246
749,1980,11.45,4.5583325199999996,1014,4558.33252
750,1981,11.51,4.476021483999999,1014,4476.021484
751,1982,11.57,4.479047362999999,1014,4479.047363
752,1983,11.63,4.469572754,1014,4469.572754
753,1984,11.691,4.618156738,1014,4618.156738
754,1985,11.752,4.629775391,1014,4629.775391
755,1986,11.905,4.765061523,1014,4765.061523
756,1987,12.394,4.720283203,1014,4720.283203
757,1988,12.901,5.041971191,1014,5041.971191
758,1989,13.425,5.258226074,1014,5258.226074
759,1990,13.967,5.4756186520000005,1014,5475.618652
760,1991,14.527,5.789538574,1014,5789.538574
761,1992,15.106,6.074424316,1014,6074.424316
762,1993,15.703,6.157068359,1014,6157.068359
763,1994,16.319,6.390225098,1014,6390.225098
764,1995,16.955,6.519051758,1014,6519.051758
765,1996,17.571,6.752996094,1014,6752.996094
766,1997,18.049,6.925625488,1014,6925.625488
767,1998,18.538,6.958322754,1014,6958.322754
768,1999,19.038,6.930947266,1014,6930.947266
769,2000,19.548,7.141399414,1014,7141.399414
770,2001,20.067,7.360518066,1014,7360.518066
771,2002,20.597,7.415971191,1014,7415.971191
772,2003,21.137,7.740681641,1014,7740.681641
773,2004,21.689,7.822497559,1014,7822.497559
774,2005,22.249,7.997182129,1014,7997.182129
775,2006,22.82,8.283469727,1014,8283.469727
776,2007,23.293,8.560625,1014,8560.625
777,2008,23.774,9.060352539,1014,9060.352539
778,2009,24.259,9.172171875,1014,9172.171875
779,2010,24.753,9.647474609000001,1014,9647.474609
780,2011,25.253,10.20934277,1014,10209.34277
781,2012,25.76,10.639832029999999,1014,10639.83203
782,2013,26.271,10.72059668,1014,10720.59668
783,2014,26.789,11.068625,1014,11068.625
784,2015,27.312,11.11100195,1014,11111.00195
785,1960,19.226,1.245567422,1015,124556.7422
786,1961,19.566,1.224364297,1015,122436.4297
787,1962,19.91,1.246861406,1015,124686.1406
788,1963,20.259,1.382477188,1015,138247.7188
789,1964,20.613,1.271955547,1015,127195.5547
790,1965,20.971,1.3755820310000002,1015,137558.2031
791,1966,21.334,1.277820156,1015,127782.0156
792,1967,21.701,1.172956563,1015,117295.6563
793,1968,22.073,1.282129688,1015,128212.9688
794,1969,22.449,1.291805703,1015,129180.5703
795,1970,22.83,1.323092031,1015,132309.2031
796,1971,23.215,1.344544688,1015,134454.4688
797,1972,23.606,1.344422813,1015,134442.2813
798,1973,23.903,1.299847031,1015,129984.7031
799,1974,23.913,1.3369239060000002,1015,133692.3906
800,1975,23.922,1.359549531,1015,135954.9531
801,1976,23.933,1.408265625,1015,140826.5625
802,1977,23.942,1.4571965630000001,1015,145719.6563
803,1978,23.952,1.516075625,1015,151607.5625
804,1979,23.962,1.5579846880000001,1015,155798.4688
805,1980,23.973,1.642888438,1015,164288.8438
806,1981,23.982,1.707228438,1015,170722.8438
807,1982,23.993,1.7619957810000002,1015,176199.5781
808,1983,24.003,1.7985579689999998,1015,179855.7969
809,1984,24.03,1.846923594,1015,184692.3594
810,1985,24.076,1.860894063,1015,186089.4063
811,1986,24.139,1.805568594,1015,180556.8594
812,1987,24.219,1.701346875,1015,170134.6875
813,1988,24.318,1.482055,1015,148205.5
814,1989,24.435,1.511995,1015,151199.5
815,1990,24.57,1.5313582810000002,1015,153135.8281
816,1991,24.724,1.500649531,1015,150064.9531
817,1992,24.896,1.625088438,1015,162508.8438
818,1993,25.086,1.702857813,1015,170285.7813
819,1994,25.296,1.8085729689999999,1015,180857.2969
820,1995,25.525,1.910577656,1015,191057.7656
821,1996,25.773,2.007629219,1015,200762.9219
822,1997,26.042,2.0931270310000003,1015,209312.7031
823,1998,26.33,2.186680156,1015,218668.0156
824,1999,26.639,2.395252031,1015,239525.2031
825,2000,26.968,2.692331875,1015,269233.1875
826,2001,27.318,2.9650396879999996,1015,296503.9688
827,2002,27.689,3.2878821879999998,1015,328788.2188
828,2003,28.081,3.7078734379999996,1015,370787.3438
829,2004,28.495,4.17424875,1015,417424.875
830,2005,28.93,4.702528438,1015,470252.8438
831,2006,29.386,5.278274375,1015,527827.4375
832,2007,29.865,5.871193125,1015,587119.3125
833,2008,30.363,6.431289375,1015,643128.9375
834,2009,30.881,7.0627725,1015,706277.25
835,2010,31.405,7.688855,1015,768885.5
836,2011,31.935,8.057658125,1015,805765.8125
837,2012,32.469,8.579628125,1015,857962.8125
838,2013,33.007,9.2252975,1015,922529.75
839,2014,33.551,9.8779975,1015,987799.75
840,2015,34.098,10.50804625,1015,1050804.625
841,1960,4.769,,1016,
842,1961,4.949,,1016,
843,1962,5.144,,1016,
844,1963,5.345,,1016,
845,1964,5.555,,1016,
846,1965,5.771,,1016,
847,1966,5.996,,1016,
848,1967,6.229,,1016,
849,1968,6.471,,1016,
850,1969,6.72,,1016,
851,1970,6.979,,1016,
852,1971,7.361,,1016,
853,1972,7.864,,1016,
854,1973,8.397,,1016,
855,1974,8.963,,1016,
856,1975,9.563,,1016,
857,1976,10.2,,1016,
858,1977,10.872,,1016,
859,1978,11.584,,1016,
860,1979,12.336,,1016,
861,1980,13.131,5.965018066,1016,5965.018066
862,1981,14.051,6.113644531,1016,6113.644531
863,1982,15.035,5.562901367,1016,5562.901367
864,1983,16.074,4.59586084,1016,4595.86084
865,1984,17.172,4.230369629,1016,4230.369629
866,1985,18.326,4.22876709,1016,4228.76709
867,1986,19.541,4.1150834960000005,1016,4115.083496
868,1987,20.815,4.724582031,1016,4724.582031
869,1988,22.152,5.119098632999999,1016,5119.098633
870,1989,23.545,5.427994629,1016,5427.994629
871,1990,25,5.404365234,1016,5404.365234
872,1991,25.487,5.525430664000001,1016,5525.430664
873,1992,25.98,5.0578984380000005,1016,5057.898438
874,1993,26.479,5.28840625,1016,5288.40625
875,1994,26.984,5.399536621,1016,5399.536621
876,1995,27.495,5.3295302730000005,1016,5329.530273
877,1996,28.013,6.55524707,1016,6555.24707
878,1997,28.535,7.066966797,1016,7066.966797
879,1998,28.742,7.702169434,1016,7702.169434
880,1999,28.92,8.091325684000001,1016,8091.325684
881,2000,29.098,8.006209473,1016,8006.209473
882,2001,29.277,8.771201172,1016,8771.201172
883,2002,29.457,9.26815625,1016,9268.15625
884,2003,29.637,9.583475586,1016,9583.475586
885,2004,29.818,10.032684569999999,1016,10032.68457
886,2005,29.999,10.596008789999999,1016,10596.00879
887,2006,30.182,11.31256152,1016,11312.56152
888,2007,30.364,11.81469824,1016,11814.69824
889,2008,30.548,12.2782793,1016,12278.2793
890,2009,30.745,12.697577149999999,1016,12697.57715
891,2010,30.955,13.1715459,1016,13171.5459
892,2011,31.179,13.71681738,1016,13716.81738
893,2012,31.417,14.29504199,1016,14295.04199
894,2013,31.669,14.89105371,1016,14891.05371
895,2014,31.934,15.55915234,1016,15559.15234
896,2015,32.214,16.13603809,1016,16136.03809
897,1960,31.25,,1017,
898,1961,32.373,,1017,
899,1962,33.518,,1017,
900,1963,35.011,,1017,
901,1964,36.872,,1017,
902,1965,38.769,,1017,
903,1966,40.702,,1017,
904,1967,42.665,,1017,
905,1968,44.654,5.342729688,1017,53427.29688
906,1969,46.655,5.451108984,1017,54511.08984
907,1970,48.669,5.675405078,1017,56754.05078
908,1971,50.688,6.352071484,1017,63520.71484
909,1972,52.707,7.30298125,1017,73029.8125
910,1973,54.712,8.536889844000001,1017,85368.89844
911,1974,56.704,9.949064063,1017,99490.64063
912,1975,58.349,9.540599219,1017,95405.99219
913,1976,59.897,10.11298516,1017,101129.8516
914,1977,61.421,10.223661719999999,1017,102236.6172
915,1978,62.925,9.557744530999999,1017,95577.44531
916,1979,64.405,9.883775,1017,98837.75
917,1980,65.86,9.907175,1017,99071.75
918,1981,67.281,9.748974219,1017,97489.74219
919,1982,68.673,8.196621875,1017,81966.21875
920,1983,70.033,7.10141875,1017,71014.1875
921,1984,71.36,6.48315625,1017,64831.5625
922,1985,72.647,5.811260547,1017,58112.60547
923,1986,73.9,5.808019141,1017,58080.19141
924,1987,74.589,5.350751563,1017,53507.51563
925,1988,75.267,5.564008984,1017,55640.08984
926,1989,75.93,5.366137891,1017,53661.37891
927,1990,76.583,5.617477734,1017,56174.77734
928,1991,77.223,5.936891797,1017,59368.91797
929,1992,77.851,6.030328125,1017,60303.28125
930,1993,78.186,5.866019922,1017,58660.19922
931,1994,78.429,5.749862891,1017,57498.62891
932,1995,78.67,5.6146574220000005,1017,56146.57422
933,1996,78.91,5.661225,1017,56612.25
934,1997,79.147,5.667762891,1017,56677.62891
935,1998,79.383,5.687011328,1017,56870.11328
936,1999,79.616,5.502489453,1017,55024.89453
937,2000,79.848,5.617406641,1017,56174.06641
938,2001,80.077,5.490164844,1017,54901.64844
939,2002,80.304,5.33708125,1017,53370.8125
940,2003,80.53,5.576180859,1017,55761.80859
941,2004,80.754,5.915519141,1017,59155.19141
942,2005,80.979,6.167919922,1017,61679.19922
943,2006,81.204,6.339033594,1017,63390.33594
944,2007,81.427,6.547969141,1017,65479.69141
945,2008,81.649,6.924739063,1017,69247.39063
946,2009,81.867,6.879901563,1017,68799.01563
947,2010,82.084,7.032742969,1017,70327.42969
948,2011,82.298,7.545689062999999,1017,75456.89063
949,2012,82.51,7.761216406,1017,77612.16406
950,2013,82.719,7.782421094,1017,77824.21094
951,2014,82.926,7.8865929690000005,1017,78865.92969
952,2015,83.13,7.9923023440000005,1017,79923.02344
953,1960,17.352,1.06166775,1018,1061667.75
954,1961,17.903,1.066951625,1018,1066951.625
955,1962,18.467,1.100753125,1018,1100753.125
956,1963,19.06,1.104515125,1018,1104515.125
957,1964,19.712,1.162411375,1018,1162411.375
958,1965,20.379,1.228798375,1018,1228798.375
959,1966,21.064,1.232360875,1018,1232360.875
960,1967,21.765,1.215409625,1018,1215409.625
961,1968,22.484,1.22186875,1018,1221868.75
962,1969,23.218,1.30568125,1018,1305681.25
963,1970,23.969,1.395117125,1018,1395117.125
964,1971,24.737,1.41850775,1018,1418507.75
965,1972,25.522,1.40521975,1018,1405219.75
966,1973,26.321,1.40958975,1018,1409589.75
967,1974,27.137,1.430163875,1018,1430163.875
968,1975,27.729,1.42453575,1018,1424535.75
969,1976,28.14,1.38856125,1018,1388561.25
970,1977,28.554,1.359477125,1018,1359477.125
971,1978,28.972,1.3618115,1018,1361811.5
972,1979,29.394,1.391802875,1018,1391802.875
973,1980,29.819,1.426717375,1018,1426717.375
974,1981,30.248,1.435747125,1018,1435747.125
975,1982,30.68,1.472217625,1018,1472217.625
976,1983,31.115,1.409700625,1018,1409700.625
977,1984,31.555,1.4327005,1018,1432700.5
978,1985,31.997,1.321507,1018,1321507
979,1986,32.325,1.29921125,1018,1299211.25
980,1987,32.555,1.350463625,1018,1350463.625
981,1988,32.787,1.218727625,1018,1218727.625
982,1989,33.019,1.200042875,1018,1200042.875
983,1990,33.252,1.2235245,1018,1223524.5
984,1991,33.485,1.247638875,1018,1247638.875
985,1992,33.72,1.014725313,1018,1014725.313
986,1993,33.955,1.03799625,1018,1037996.25
987,1994,34.192,1.027102125,1018,1027102.125
988,1995,34.429,0.950046,1018,950046
989,1996,34.667,0.9679070625,1018,967907.0625
990,1997,34.905,0.90855275,1018,908552.75
991,1998,35.144,0.9164245625,1018,916424.5625
992,1999,35.384,0.882288125,1018,882288.125
993,2000,35.626,0.9150518125,1018,915051.8125
994,2001,35.867,0.8176019375,1018,817601.9375
995,2002,36.109,0.9852266875,1018,985226.6875
996,2003,36.352,1.02536675,1018,1025366.75
997,2004,36.596,1.0412619379999999,1018,1041261.938
998,2005,36.84,1.043357938,1018,1043357.938
999,2006,37.096,1.06490625,1018,1064906.25
1000,2007,37.364,1.119152125,1018,1119152.125
1001,2008,37.645,1.151656,1018,1151656
1002,2009,37.937,1.178449375,1018,1178449.375
1003,2010,38.241,1.214005875,1018,1214005.875
1004,2011,38.557,1.243760875,1018,1243760.875
1005,2012,38.885,1.40076075,1018,1400760.75
1006,2013,39.226,1.65380225,1018,1653802.25
1007,2014,39.578,1.691716375,1018,1691716.375
1008,2015,39.942,1.314610875,1018,1314610.875
1009,1960,47.26,,1019,
1010,1961,47.297,,1019,
1011,1962,47.335,,1019,
1012,1963,47.372,,1019,
1013,1964,47.341,,1019,
1014,1965,47.109,,1019,
1015,1966,46.877,,1019,
1016,1967,46.644,,1019,
1017,1968,46.412,,1019,
1018,1969,46.18,,1019,
1019,1970,45.948,,1019,
1020,1971,45.716,,1019,
1021,1972,46.76,,1019,
1022,1973,49.087,,1019,
1023,1974,51.421,,1019,
1024,1975,53.749,1.584648242,1019,15846.48242
1025,1976,56.064,1.533468262,1019,15334.68262
1026,1977,58.346,1.6896873049999999,1019,16896.87305
1027,1978,60.597,1.816269141,1019,18162.69141
1028,1979,62.803,1.703631836,1019,17036.31836
1029,1980,64.96,1.612159863,1019,16121.59863
1030,1981,65.035,1.613902344,1019,16139.02344
1031,1982,65.11,1.578374805,1019,15783.74805
1032,1983,65.184,1.5251208010000001,1019,15251.20801
1033,1984,65.259,1.456130469,1019,14561.30469
1034,1985,65.334,1.414234277,1019,14142.34277
1035,1986,65.408,1.3441768550000002,1019,13441.76855
1036,1987,65.483,1.132929102,1019,11329.29102
1037,1988,65.557,1.20735957,1019,12073.5957
1038,1989,65.632,1.3126490229999999,1019,13126.49023
1039,1990,65.706,1.2801823239999999,1019,12801.82324
1040,1991,65.78,1.291156445,1019,12911.56445
1041,1992,65.854,1.2657277340000002,1019,12657.27734
1042,1993,65.928,1.1539375,1019,11539.375
1043,1994,66.002,1.1713490229999999,1019,11713.49023
1044,1995,66.076,1.1641387699999999,1019,11641.3877
1045,1996,66.15,1.158643555,1019,11586.43555
1046,1997,66.223,1.204098145,1019,12040.98145
1047,1998,66.297,1.203279004,1019,12032.79004
1048,1999,66.371,1.176424414,1019,11764.24414
1049,2000,66.444,1.163110742,1019,11631.10742
1050,2001,66.517,1.207380957,1019,12073.80957
1051,2002,66.591,1.2539602539999999,1019,12539.60254
1052,2003,66.664,1.325590527,1019,13255.90527
1053,2004,66.737,1.443341797,1019,14433.41797
1054,2005,66.682,1.501069824,1019,15010.69824
1055,2006,66.615,1.5463159180000001,1019,15463.15918
1056,2007,66.547,1.609133008,1019,16091.33008
1057,2008,66.479,1.6569394530000001,1019,16569.39453
1058,2009,66.412,1.6873421880000001,1019,16873.42188
1059,2010,66.344,1.7551207030000002,1019,17551.20703
1060,2011,66.276,1.828866406,1019,18288.66406
1061,2012,66.208,1.866858398,1019,18668.58398
1062,2013,66.14,1.902146484,1019,19021.46484
1063,2014,66.085,1.9199328130000002,1019,19199.32813
1064,2015,66.043,1.89750918,1019,18975.0918
1065,1960,6.695,2.902339375,1020,290233.9375
1066,1961,6.962,2.886356875,1020,288635.6875
1067,1962,7.239,2.98172125,1020,298172.125
1068,1963,7.527,2.87652625,1020,287652.625
1069,1964,7.877,2.7498815629999998,1020,274988.1563
1070,1965,8.406,2.7138075,1020,271380.75
1071,1966,8.968,2.6152857810000003,1020,261528.5781
1072,1967,9.564,2.5872914060000003,1020,258729.1406
1073,1968,10.196,2.527972813,1020,252797.2813
1074,1969,10.862,2.649705,1020,264970.5
1075,1970,11.568,2.643345938,1020,264334.5938
1076,1971,12.313,2.526762031,1020,252676.2031
1077,1972,13.1,2.496261563,1020,249626.1563
1078,1973,13.882,2.232970625,1020,223297.0625
1079,1974,14.704,2.289995313,1020,228999.5313
1080,1975,15.566,2.4423925,1020,244239.25
1081,1976,16.47,2.464438125,1020,246443.8125
1082,1977,17.413,2.4711295310000003,1020,247112.9531
1083,1978,18.4,2.413231406,1020,241323.1406
1084,1979,18.592,1.859337188,1020,185933.7188
1085,1980,18.787,1.711530313,1020,171153.0313
1086,1981,18.982,1.6925610939999998,1020,169256.1094
1087,1982,19.179,1.7433160939999999,1020,174331.6094
1088,1983,19.377,1.9690559380000001,1020,196905.5938
1089,1984,19.578,1.9586960939999998,1020,195869.6094
1090,1985,19.779,2.321112188,1020,232111.2188
1091,1986,19.983,2.162050469,1020,216205.0469
1092,1987,20.187,2.045983594,1020,204598.3594
1093,1988,20.394,2.288192813,1020,228819.2813
1094,1989,20.602,2.32352875,1020,232352.875
1095,1990,20.811,2.1559075,1020,215590.75
1096,1991,21.023,2.266427344,1020,226642.7344
1097,1992,21.235,2.3710817189999998,1020,237108.1719
1098,1993,21.408,1.9356573439999998,1020,193565.7344
1099,1994,21.44,2.063735781,1020,206373.5781
1100,1995,21.473,2.0210626560000002,1020,202106.2656
1101,1996,21.506,1.997247813,1020,199724.7813
1102,1997,21.538,2.039168125,1020,203916.8125
1103,1998,21.571,2.1061617189999997,1020,210616.1719
1104,1999,21.604,2.018291563,1020,201829.1563
1105,2000,21.637,1.928458125,1020,192845.8125
1106,2001,21.67,2.073677344,1020,207367.7344
1107,2002,21.702,2.165160781,1020,216516.0781
1108,2003,21.735,2.390587344,1020,239058.7344
1109,2004,21.768,3.077088125,1020,307708.8125
1110,2005,21.801,3.4822475,1020,348224.75
1111,2006,21.834,3.385226875,1020,338522.6875
1112,2007,21.868,3.380554063,1020,338055.4063
1113,2008,21.901,3.371094688,1020,337109.4688
1114,2009,21.934,3.4001021879999995,1020,340010.2188
1115,2010,21.983,3.735598125,1020,373559.8125
1116,2011,22.048,3.6164475,1020,361644.75
1117,2012,22.129,3.808560625,1020,380856.0625
1118,2013,22.227,3.893870313,1020,389387.0313
1119,2014,22.341,4.027360313,1020,402736.0313
1120,2015,22.471,3.96830125,1020,396830.125
1121,1960,4.417,,1021,
1122,1961,4.617,,1021,
1123,1962,4.826,,1021,
1124,1963,5.045,,1021,
1125,1964,5.273,,1021,
1126,1965,5.509,,1021,
1127,1966,5.757,,1021,
1128,1967,6.014,,1021,
1129,1968,6.283,,1021,
1130,1969,6.562,,1021,
1131,1970,6.664,,1021,
1132,1971,6.737,,1021,
1133,1972,6.812,,1021,
1134,1973,6.887,,1021,
1135,1974,6.963,,1021,
1136,1975,7.04,,1021,
1137,1976,7.118,,1021,
1138,1977,7.197,,1021,
1139,1978,7.276,,1021,
1140,1979,7.356,,1021,
1141,1980,7.534,,1021,
1142,1981,7.834,,1021,
1143,1982,8.147,6.155625,1021,615562.5
1144,1983,8.47,6.3151675,1021,631516.75
1145,1984,8.805,6.099759375,1021,609975.9375
1146,1985,9.152,5.70946875,1021,570946.875
1147,1986,9.511,5.541366875,1021,554136.6875
1148,1987,9.882,5.564371875,1021,556437.1875
1149,1988,10.267,5.816674375,1021,581667.4375
1150,1989,10.665,5.975199375,1021,597519.9375
1151,1990,11.076,6.14901125,1021,614901.125
1152,1991,11.338,6.277813125,1021,627781.3125
1153,1992,11.418,6.283321875,1021,628332.1875
1154,1993,11.499,6.5913625,1021,659136.25
1155,1994,11.581,6.796005,1021,679600.5
1156,1995,11.663,7.348294375,1021,734829.4375
1157,1996,11.746,7.77553625,1021,777553.625
1158,1997,11.829,7.93158375,1021,793158.375
1159,1998,11.913,8.07579375,1021,807579.375
1160,1999,11.997,8.4649,1021,846490
1161,2000,12.082,8.46211625,1021,846211.625
1162,2001,12.167,8.618869375,1021,861886.9375
1163,2002,12.253,9.068039375,1021,906803.9375
1164,2003,12.483,9.33760625,1021,933760.625
1165,2004,12.755,9.643315,1021,964331.5
1166,2005,13.031,9.914771875,1021,991477.1875
1167,2006,13.313,10.62102,1021,1062102
1168,2007,13.6,11.13402875,1021,1113402.875
1169,2008,13.892,11.704635,1021,1170463.5
1170,2009,14.189,12.08616875,1021,1208616.875
1171,2010,14.492,12.35497125,1021,1235497.125
1172,2011,14.8,13.07735125,1021,1307735.125
1173,2012,15.115,13.14139375,1021,1314139.375
1174,2013,15.437,13.172715,1021,1317271.5
1175,2014,15.766,13.41199375,1021,1341199.375
1176,2015,16.101,13.65048875,1021,1365048.875
1177,1960,12.608,8.57824585,1022,857.824585
1178,1961,12.821,8.827758788999999,1022,882.7758789
1179,1962,13.082,8.664667969,1022,866.4667969
1180,1963,13.578,8.906610107,1022,890.6610107
1181,1964,14.092,8.522501221,1022,852.2501221
1182,1965,14.62,8.65274353,1022,865.274353
1183,1966,15.165,8.503427734,1022,850.3427734
1184,1967,15.727,8.921407471,1022,892.1407471
1185,1968,16.306,8.806939697,1022,880.6939697
1186,1969,16.88,9.582583618,1022,958.2583618
1187,1970,17.362,11.36142822,1022,1136.142822
1188,1971,17.855,11.963210449999998,1022,1196.321045
1189,1972,18.36,12.522629389999999,1022,1252.262939
1190,1973,18.874,12.414298100000002,1022,1241.42981
1191,1974,19.4,12.79431885,1022,1279.431885
1192,1975,19.873,12.13560547,1022,1213.560547
1193,1976,20.356,11.802435299999999,1022,1180.24353
1194,1977,20.846,10.6472876,1022,1064.72876
1195,1978,21.345,10.02955811,1022,1002.955811
1196,1979,21.853,10.01512878,1022,1001.512878
1197,1980,22.371,11.05388916,1022,1105.388916
1198,1981,22.895,11.97374634,1022,1197.374634
1199,1982,23.429,11.814154049999999,1022,1181.415405
1200,1983,24.069,11.53127319,1022,1153.127319
1201,1984,24.736,10.87262939,1022,1087.262939
1202,1985,25.414,11.189104,1022,1118.9104
1203,1986,26.105,11.00635254,1022,1100.635254
1204,1987,26.809,10.73980835,1022,1073.980835
1205,1988,27.524,11.16328125,1022,1116.328125
1206,1989,28.25,11.376857910000002,1022,1137.685791
1207,1990,28.988,11.823887939999999,1022,1182.388794
1208,1991,29.738,12.15535767,1022,1215.535767
1209,1992,30.499,10.801875,1022,1080.1875
1210,1993,30.94,10.685832519999998,1022,1068.583252
1211,1994,31.335,11.44863525,1022,1144.863525
1212,1995,31.732,11.26421997,1022,1126.421997
1213,1996,32.132,12.227677000000002,1022,1222.7677
1214,1997,32.534,12.36577026,1022,1236.577026
1215,1998,32.939,12.548896480000002,1022,1254.889648
1216,1999,33.347,12.29813232,1022,1229.813232
1217,2000,33.758,11.80177246,1022,1180.177246
1218,2001,34.17,11.872883300000002,1022,1187.28833
1219,2002,34.585,10.74237915,1022,1074.237915
1220,2003,34.479,8.858955078000001,1022,885.8955078
1221,2004,34.294,8.283728027,1022,828.3728027
1222,2005,34.11,7.74050354,1022,774.050354
1223,2006,33.926,7.390870972,1022,739.0870972
1224,2007,33.743,7.029901733,1022,702.9901733
1225,2008,33.56,5.70302002,1022,570.302002
1226,2009,33.378,5.944959717000001,1022,594.4959717
1227,2010,33.196,6.501422119,1022,650.1422119
1228,2011,33.015,7.131677856,1022,713.1677856
1229,2012,32.834,7.717392578,1022,771.7392578
1230,2013,32.654,7.883425903,1022,788.3425903
1231,2014,32.501,8.000059204000001,1022,800.0059204
1232,2015,32.376,7.8541400150000005,1022,785.4140015
